ISO-10303-21;
HEADER;
/* Generated by software containing ST-Developer
 * from STEP Tools, Inc. (www.steptools.com) 
 */

FILE_DESCRIPTION(
/* description */ (''),
/* implementation_level */ '2;1');

FILE_NAME(
/* name */ 'uv outer base.step',
/* time_stamp */ '2025-05-09T13:40:31-04:00',
/* author */ (''),
/* organization */ (''),
/* preprocessor_version */ 'ST-DEVELOPER v20.1',
/* originating_system */ 'Autodesk Translation Framework v14.4.0.0',
/* authorisation */ '');

FILE_SCHEMA (('AUTOMOTIVE_DESIGN { 1 0 10303 214 3 1 1 }'));
ENDSEC;

DATA;
#10=MECHANICAL_DESIGN_GEOMETRIC_PRESENTATION_REPRESENTATION('',(#13),#2663);
#11=SHAPE_REPRESENTATION_RELATIONSHIP('SRR','None',#2670,#12);
#12=ADVANCED_BREP_SHAPE_REPRESENTATION('',(#14),#2662);
#13=STYLED_ITEM('',(#2680),#14);
#14=MANIFOLD_SOLID_BREP('Body25',#1575);
#15=FACE_BOUND('',#209,.T.);
#16=FACE_BOUND('',#212,.T.);
#17=FACE_BOUND('',#215,.T.);
#18=FACE_BOUND('',#218,.T.);
#19=FACE_BOUND('',#221,.T.);
#20=FACE_BOUND('',#224,.T.);
#21=FACE_BOUND('',#227,.T.);
#22=FACE_BOUND('',#230,.T.);
#23=FACE_BOUND('',#233,.T.);
#24=FACE_BOUND('',#236,.T.);
#25=FACE_BOUND('',#238,.T.);
#26=FACE_BOUND('',#239,.T.);
#27=FACE_BOUND('',#240,.T.);
#28=FACE_BOUND('',#241,.T.);
#29=FACE_BOUND('',#242,.T.);
#30=FACE_BOUND('',#243,.T.);
#31=FACE_BOUND('',#244,.T.);
#32=FACE_BOUND('',#245,.T.);
#33=FACE_BOUND('',#246,.T.);
#34=FACE_BOUND('',#249,.T.);
#35=FACE_BOUND('',#250,.T.);
#36=FACE_BOUND('',#253,.T.);
#37=FACE_BOUND('',#254,.T.);
#38=FACE_BOUND('',#255,.T.);
#39=FACE_BOUND('',#256,.T.);
#40=FACE_BOUND('',#264,.T.);
#41=FACE_BOUND('',#265,.T.);
#42=FACE_BOUND('',#292,.T.);
#43=FACE_BOUND('',#295,.T.);
#44=FACE_BOUND('',#298,.T.);
#45=FACE_BOUND('',#301,.T.);
#46=FACE_BOUND('',#308,.T.);
#47=FACE_BOUND('',#310,.T.);
#48=FACE_BOUND('',#311,.T.);
#49=FACE_BOUND('',#313,.T.);
#50=FACE_BOUND('',#314,.T.);
#51=FACE_BOUND('',#325,.T.);
#52=FACE_BOUND('',#326,.T.);
#53=FACE_BOUND('',#327,.T.);
#54=FACE_BOUND('',#328,.T.);
#55=FACE_BOUND('',#329,.T.);
#56=FACE_BOUND('',#330,.T.);
#57=FACE_BOUND('',#331,.T.);
#58=FACE_BOUND('',#332,.T.);
#59=FACE_BOUND('',#333,.T.);
#60=PLANE('',#1592);
#61=PLANE('',#1599);
#62=PLANE('',#1603);
#63=PLANE('',#1607);
#64=PLANE('',#1612);
#65=PLANE('',#1617);
#66=PLANE('',#1622);
#67=PLANE('',#1627);
#68=PLANE('',#1632);
#69=PLANE('',#1637);
#70=PLANE('',#1642);
#71=PLANE('',#1647);
#72=PLANE('',#1652);
#73=PLANE('',#1653);
#74=PLANE('',#1660);
#75=PLANE('',#1666);
#76=PLANE('',#1670);
#77=PLANE('',#1675);
#78=PLANE('',#1676);
#79=PLANE('',#1680);
#80=PLANE('',#1684);
#81=PLANE('',#1686);
#82=PLANE('',#1687);
#83=PLANE('',#1688);
#84=PLANE('',#1689);
#85=PLANE('',#1690);
#86=PLANE('',#1691);
#87=PLANE('',#1692);
#88=PLANE('',#1693);
#89=PLANE('',#1694);
#90=PLANE('',#1695);
#91=PLANE('',#1696);
#92=PLANE('',#1697);
#93=PLANE('',#1698);
#94=PLANE('',#1699);
#95=PLANE('',#1700);
#96=PLANE('',#1701);
#97=PLANE('',#1702);
#98=PLANE('',#1703);
#99=PLANE('',#1704);
#100=PLANE('',#1705);
#101=PLANE('',#1706);
#102=PLANE('',#1709);
#103=PLANE('',#1713);
#104=PLANE('',#1718);
#105=PLANE('',#1723);
#106=PLANE('',#1731);
#107=PLANE('',#1732);
#108=PLANE('',#1733);
#109=PLANE('',#1734);
#110=PLANE('',#1753);
#111=FACE_OUTER_BOUND('',#200,.T.);
#112=FACE_OUTER_BOUND('',#201,.T.);
#113=FACE_OUTER_BOUND('',#202,.T.);
#114=FACE_OUTER_BOUND('',#203,.T.);
#115=FACE_OUTER_BOUND('',#204,.T.);
#116=FACE_OUTER_BOUND('',#205,.T.);
#117=FACE_OUTER_BOUND('',#206,.T.);
#118=FACE_OUTER_BOUND('',#207,.T.);
#119=FACE_OUTER_BOUND('',#208,.T.);
#120=FACE_OUTER_BOUND('',#210,.T.);
#121=FACE_OUTER_BOUND('',#211,.T.);
#122=FACE_OUTER_BOUND('',#213,.T.);
#123=FACE_OUTER_BOUND('',#214,.T.);
#124=FACE_OUTER_BOUND('',#216,.T.);
#125=FACE_OUTER_BOUND('',#217,.T.);
#126=FACE_OUTER_BOUND('',#219,.T.);
#127=FACE_OUTER_BOUND('',#220,.T.);
#128=FACE_OUTER_BOUND('',#222,.T.);
#129=FACE_OUTER_BOUND('',#223,.T.);
#130=FACE_OUTER_BOUND('',#225,.T.);
#131=FACE_OUTER_BOUND('',#226,.T.);
#132=FACE_OUTER_BOUND('',#228,.T.);
#133=FACE_OUTER_BOUND('',#229,.T.);
#134=FACE_OUTER_BOUND('',#231,.T.);
#135=FACE_OUTER_BOUND('',#232,.T.);
#136=FACE_OUTER_BOUND('',#234,.T.);
#137=FACE_OUTER_BOUND('',#235,.T.);
#138=FACE_OUTER_BOUND('',#237,.T.);
#139=FACE_OUTER_BOUND('',#247,.T.);
#140=FACE_OUTER_BOUND('',#248,.T.);
#141=FACE_OUTER_BOUND('',#251,.T.);
#142=FACE_OUTER_BOUND('',#252,.T.);
#143=FACE_OUTER_BOUND('',#257,.T.);
#144=FACE_OUTER_BOUND('',#258,.T.);
#145=FACE_OUTER_BOUND('',#259,.T.);
#146=FACE_OUTER_BOUND('',#260,.T.);
#147=FACE_OUTER_BOUND('',#261,.T.);
#148=FACE_OUTER_BOUND('',#262,.T.);
#149=FACE_OUTER_BOUND('',#263,.T.);
#150=FACE_OUTER_BOUND('',#266,.T.);
#151=FACE_OUTER_BOUND('',#267,.T.);
#152=FACE_OUTER_BOUND('',#268,.T.);
#153=FACE_OUTER_BOUND('',#269,.T.);
#154=FACE_OUTER_BOUND('',#270,.T.);
#155=FACE_OUTER_BOUND('',#271,.T.);
#156=FACE_OUTER_BOUND('',#272,.T.);
#157=FACE_OUTER_BOUND('',#273,.T.);
#158=FACE_OUTER_BOUND('',#274,.T.);
#159=FACE_OUTER_BOUND('',#275,.T.);
#160=FACE_OUTER_BOUND('',#276,.T.);
#161=FACE_OUTER_BOUND('',#277,.T.);
#162=FACE_OUTER_BOUND('',#278,.T.);
#163=FACE_OUTER_BOUND('',#279,.T.);
#164=FACE_OUTER_BOUND('',#280,.T.);
#165=FACE_OUTER_BOUND('',#281,.T.);
#166=FACE_OUTER_BOUND('',#282,.T.);
#167=FACE_OUTER_BOUND('',#283,.T.);
#168=FACE_OUTER_BOUND('',#284,.T.);
#169=FACE_OUTER_BOUND('',#285,.T.);
#170=FACE_OUTER_BOUND('',#286,.T.);
#171=FACE_OUTER_BOUND('',#287,.T.);
#172=FACE_OUTER_BOUND('',#288,.T.);
#173=FACE_OUTER_BOUND('',#289,.T.);
#174=FACE_OUTER_BOUND('',#290,.T.);
#175=FACE_OUTER_BOUND('',#291,.T.);
#176=FACE_OUTER_BOUND('',#293,.T.);
#177=FACE_OUTER_BOUND('',#294,.T.);
#178=FACE_OUTER_BOUND('',#296,.T.);
#179=FACE_OUTER_BOUND('',#297,.T.);
#180=FACE_OUTER_BOUND('',#299,.T.);
#181=FACE_OUTER_BOUND('',#300,.T.);
#182=FACE_OUTER_BOUND('',#302,.T.);
#183=FACE_OUTER_BOUND('',#303,.T.);
#184=FACE_OUTER_BOUND('',#304,.T.);
#185=FACE_OUTER_BOUND('',#305,.T.);
#186=FACE_OUTER_BOUND('',#306,.T.);
#187=FACE_OUTER_BOUND('',#307,.T.);
#188=FACE_OUTER_BOUND('',#309,.T.);
#189=FACE_OUTER_BOUND('',#312,.T.);
#190=FACE_OUTER_BOUND('',#315,.T.);
#191=FACE_OUTER_BOUND('',#316,.T.);
#192=FACE_OUTER_BOUND('',#317,.T.);
#193=FACE_OUTER_BOUND('',#318,.T.);
#194=FACE_OUTER_BOUND('',#319,.T.);
#195=FACE_OUTER_BOUND('',#320,.T.);
#196=FACE_OUTER_BOUND('',#321,.T.);
#197=FACE_OUTER_BOUND('',#322,.T.);
#198=FACE_OUTER_BOUND('',#323,.T.);
#199=FACE_OUTER_BOUND('',#324,.T.);
#200=EDGE_LOOP('',(#1028,#1029,#1030,#1031));
#201=EDGE_LOOP('',(#1032,#1033,#1034,#1035));
#202=EDGE_LOOP('',(#1036,#1037,#1038,#1039));
#203=EDGE_LOOP('',(#1040,#1041,#1042,#1043));
#204=EDGE_LOOP('',(#1044,#1045,#1046,#1047));
#205=EDGE_LOOP('',(#1048,#1049,#1050,#1051));
#206=EDGE_LOOP('',(#1052,#1053,#1054,#1055));
#207=EDGE_LOOP('',(#1056,#1057,#1058,#1059));
#208=EDGE_LOOP('',(#1060));
#209=EDGE_LOOP('',(#1061));
#210=EDGE_LOOP('',(#1062,#1063,#1064,#1065));
#211=EDGE_LOOP('',(#1066));
#212=EDGE_LOOP('',(#1067));
#213=EDGE_LOOP('',(#1068,#1069,#1070,#1071));
#214=EDGE_LOOP('',(#1072));
#215=EDGE_LOOP('',(#1073));
#216=EDGE_LOOP('',(#1074,#1075,#1076,#1077));
#217=EDGE_LOOP('',(#1078));
#218=EDGE_LOOP('',(#1079));
#219=EDGE_LOOP('',(#1080,#1081,#1082,#1083));
#220=EDGE_LOOP('',(#1084));
#221=EDGE_LOOP('',(#1085));
#222=EDGE_LOOP('',(#1086,#1087,#1088,#1089));
#223=EDGE_LOOP('',(#1090));
#224=EDGE_LOOP('',(#1091));
#225=EDGE_LOOP('',(#1092,#1093,#1094,#1095));
#226=EDGE_LOOP('',(#1096));
#227=EDGE_LOOP('',(#1097));
#228=EDGE_LOOP('',(#1098,#1099,#1100,#1101));
#229=EDGE_LOOP('',(#1102));
#230=EDGE_LOOP('',(#1103));
#231=EDGE_LOOP('',(#1104,#1105,#1106,#1107));
#232=EDGE_LOOP('',(#1108));
#233=EDGE_LOOP('',(#1109));
#234=EDGE_LOOP('',(#1110,#1111,#1112,#1113));
#235=EDGE_LOOP('',(#1114,#1115,#1116,#1117));
#236=EDGE_LOOP('',(#1118,#1119,#1120,#1121,#1122,#1123,#1124,#1125));
#237=EDGE_LOOP('',(#1126,#1127,#1128,#1129,#1130,#1131,#1132,#1133));
#238=EDGE_LOOP('',(#1134));
#239=EDGE_LOOP('',(#1135));
#240=EDGE_LOOP('',(#1136));
#241=EDGE_LOOP('',(#1137));
#242=EDGE_LOOP('',(#1138));
#243=EDGE_LOOP('',(#1139));
#244=EDGE_LOOP('',(#1140));
#245=EDGE_LOOP('',(#1141));
#246=EDGE_LOOP('',(#1142));
#247=EDGE_LOOP('',(#1143,#1144,#1145,#1146));
#248=EDGE_LOOP('',(#1147,#1148,#1149,#1150,#1151,#1152));
#249=EDGE_LOOP('',(#1153));
#250=EDGE_LOOP('',(#1154));
#251=EDGE_LOOP('',(#1155,#1156,#1157,#1158));
#252=EDGE_LOOP('',(#1159,#1160,#1161,#1162,#1163,#1164,#1165,#1166,#1167,
#1168,#1169,#1170,#1171,#1172));
#253=EDGE_LOOP('',(#1173,#1174,#1175,#1176));
#254=EDGE_LOOP('',(#1177,#1178,#1179,#1180));
#255=EDGE_LOOP('',(#1181,#1182,#1183,#1184));
#256=EDGE_LOOP('',(#1185,#1186,#1187,#1188));
#257=EDGE_LOOP('',(#1189,#1190,#1191,#1192));
#258=EDGE_LOOP('',(#1193,#1194,#1195,#1196));
#259=EDGE_LOOP('',(#1197,#1198,#1199,#1200));
#260=EDGE_LOOP('',(#1201,#1202,#1203,#1204));
#261=EDGE_LOOP('',(#1205,#1206,#1207,#1208,#1209,#1210,#1211,#1212,#1213,
#1214,#1215,#1216,#1217,#1218));
#262=EDGE_LOOP('',(#1219,#1220,#1221,#1222));
#263=EDGE_LOOP('',(#1223,#1224,#1225,#1226,#1227,#1228));
#264=EDGE_LOOP('',(#1229));
#265=EDGE_LOOP('',(#1230));
#266=EDGE_LOOP('',(#1231,#1232,#1233,#1234));
#267=EDGE_LOOP('',(#1235,#1236,#1237,#1238));
#268=EDGE_LOOP('',(#1239,#1240,#1241,#1242));
#269=EDGE_LOOP('',(#1243,#1244,#1245,#1246));
#270=EDGE_LOOP('',(#1247,#1248,#1249,#1250));
#271=EDGE_LOOP('',(#1251,#1252,#1253,#1254));
#272=EDGE_LOOP('',(#1255,#1256,#1257,#1258));
#273=EDGE_LOOP('',(#1259,#1260,#1261,#1262));
#274=EDGE_LOOP('',(#1263,#1264,#1265,#1266));
#275=EDGE_LOOP('',(#1267,#1268,#1269,#1270));
#276=EDGE_LOOP('',(#1271,#1272,#1273,#1274));
#277=EDGE_LOOP('',(#1275,#1276,#1277,#1278));
#278=EDGE_LOOP('',(#1279,#1280,#1281,#1282));
#279=EDGE_LOOP('',(#1283,#1284,#1285,#1286));
#280=EDGE_LOOP('',(#1287,#1288,#1289,#1290));
#281=EDGE_LOOP('',(#1291,#1292,#1293,#1294));
#282=EDGE_LOOP('',(#1295,#1296,#1297,#1298));
#283=EDGE_LOOP('',(#1299,#1300,#1301,#1302));
#284=EDGE_LOOP('',(#1303,#1304,#1305,#1306));
#285=EDGE_LOOP('',(#1307,#1308,#1309,#1310));
#286=EDGE_LOOP('',(#1311,#1312,#1313,#1314));
#287=EDGE_LOOP('',(#1315,#1316,#1317,#1318));
#288=EDGE_LOOP('',(#1319,#1320,#1321,#1322));
#289=EDGE_LOOP('',(#1323,#1324,#1325,#1326));
#290=EDGE_LOOP('',(#1327,#1328,#1329,#1330));
#291=EDGE_LOOP('',(#1331));
#292=EDGE_LOOP('',(#1332));
#293=EDGE_LOOP('',(#1333,#1334,#1335,#1336));
#294=EDGE_LOOP('',(#1337));
#295=EDGE_LOOP('',(#1338));
#296=EDGE_LOOP('',(#1339,#1340,#1341,#1342));
#297=EDGE_LOOP('',(#1343));
#298=EDGE_LOOP('',(#1344));
#299=EDGE_LOOP('',(#1345,#1346,#1347,#1348));
#300=EDGE_LOOP('',(#1349));
#301=EDGE_LOOP('',(#1350));
#302=EDGE_LOOP('',(#1351,#1352,#1353,#1354));
#303=EDGE_LOOP('',(#1355,#1356,#1357,#1358));
#304=EDGE_LOOP('',(#1359,#1360,#1361,#1362));
#305=EDGE_LOOP('',(#1363,#1364,#1365,#1366));
#306=EDGE_LOOP('',(#1367,#1368,#1369,#1370));
#307=EDGE_LOOP('',(#1371,#1372,#1373,#1374));
#308=EDGE_LOOP('',(#1375,#1376,#1377,#1378,#1379,#1380,#1381,#1382));
#309=EDGE_LOOP('',(#1383,#1384,#1385,#1386,#1387,#1388));
#310=EDGE_LOOP('',(#1389));
#311=EDGE_LOOP('',(#1390));
#312=EDGE_LOOP('',(#1391,#1392,#1393,#1394,#1395,#1396));
#313=EDGE_LOOP('',(#1397));
#314=EDGE_LOOP('',(#1398));
#315=EDGE_LOOP('',(#1399,#1400,#1401,#1402));
#316=EDGE_LOOP('',(#1403,#1404,#1405,#1406));
#317=EDGE_LOOP('',(#1407,#1408,#1409,#1410));
#318=EDGE_LOOP('',(#1411,#1412,#1413,#1414));
#319=EDGE_LOOP('',(#1415,#1416,#1417,#1418));
#320=EDGE_LOOP('',(#1419,#1420,#1421,#1422));
#321=EDGE_LOOP('',(#1423,#1424,#1425,#1426));
#322=EDGE_LOOP('',(#1427,#1428,#1429,#1430));
#323=EDGE_LOOP('',(#1431,#1432,#1433,#1434));
#324=EDGE_LOOP('',(#1435,#1436,#1437,#1438));
#325=EDGE_LOOP('',(#1439));
#326=EDGE_LOOP('',(#1440));
#327=EDGE_LOOP('',(#1441));
#328=EDGE_LOOP('',(#1442));
#329=EDGE_LOOP('',(#1443));
#330=EDGE_LOOP('',(#1444));
#331=EDGE_LOOP('',(#1445));
#332=EDGE_LOOP('',(#1446));
#333=EDGE_LOOP('',(#1447));
#334=LINE('',#2226,#468);
#335=LINE('',#2229,#469);
#336=LINE('',#2232,#470);
#337=LINE('',#2234,#471);
#338=LINE('',#2235,#472);
#339=LINE('',#2241,#473);
#340=LINE('',#2247,#474);
#341=LINE('',#2250,#475);
#342=LINE('',#2253,#476);
#343=LINE('',#2255,#477);
#344=LINE('',#2256,#478);
#345=LINE('',#2262,#479);
#346=LINE('',#2264,#480);
#347=LINE('',#2265,#481);
#348=LINE('',#2270,#482);
#349=LINE('',#2279,#483);
#350=LINE('',#2288,#484);
#351=LINE('',#2297,#485);
#352=LINE('',#2306,#486);
#353=LINE('',#2315,#487);
#354=LINE('',#2324,#488);
#355=LINE('',#2333,#489);
#356=LINE('',#2342,#490);
#357=LINE('',#2352,#491);
#358=LINE('',#2355,#492);
#359=LINE('',#2358,#493);
#360=LINE('',#2360,#494);
#361=LINE('',#2361,#495);
#362=LINE('',#2362,#496);
#363=LINE('',#2365,#497);
#364=LINE('',#2369,#498);
#365=LINE('',#2373,#499);
#366=LINE('',#2380,#500);
#367=LINE('',#2383,#501);
#368=LINE('',#2386,#502);
#369=LINE('',#2388,#503);
#370=LINE('',#2390,#504);
#371=LINE('',#2392,#505);
#372=LINE('',#2393,#506);
#373=LINE('',#2403,#507);
#374=LINE('',#2406,#508);
#375=LINE('',#2411,#509);
#376=LINE('',#2414,#510);
#377=LINE('',#2416,#511);
#378=LINE('',#2417,#512);
#379=LINE('',#2419,#513);
#380=LINE('',#2422,#514);
#381=LINE('',#2425,#515);
#382=LINE('',#2427,#516);
#383=LINE('',#2429,#517);
#384=LINE('',#2430,#518);
#385=LINE('',#2433,#519);
#386=LINE('',#2435,#520);
#387=LINE('',#2437,#521);
#388=LINE('',#2438,#522);
#389=LINE('',#2441,#523);
#390=LINE('',#2443,#524);
#391=LINE('',#2445,#525);
#392=LINE('',#2446,#526);
#393=LINE('',#2449,#527);
#394=LINE('',#2451,#528);
#395=LINE('',#2453,#529);
#396=LINE('',#2454,#530);
#397=LINE('',#2457,#531);
#398=LINE('',#2458,#532);
#399=LINE('',#2462,#533);
#400=LINE('',#2467,#534);
#401=LINE('',#2468,#535);
#402=LINE('',#2471,#536);
#403=LINE('',#2472,#537);
#404=LINE('',#2474,#538);
#405=LINE('',#2476,#539);
#406=LINE('',#2477,#540);
#407=LINE('',#2479,#541);
#408=LINE('',#2483,#542);
#409=LINE('',#2486,#543);
#410=LINE('',#2488,#544);
#411=LINE('',#2489,#545);
#412=LINE('',#2495,#546);
#413=LINE('',#2499,#547);
#414=LINE('',#2502,#548);
#415=LINE('',#2504,#549);
#416=LINE('',#2505,#550);
#417=LINE('',#2508,#551);
#418=LINE('',#2509,#552);
#419=LINE('',#2512,#553);
#420=LINE('',#2513,#554);
#421=LINE('',#2515,#555);
#422=LINE('',#2519,#556);
#423=LINE('',#2521,#557);
#424=LINE('',#2522,#558);
#425=LINE('',#2525,#559);
#426=LINE('',#2526,#560);
#427=LINE('',#2529,#561);
#428=LINE('',#2530,#562);
#429=LINE('',#2532,#563);
#430=LINE('',#2536,#564);
#431=LINE('',#2538,#565);
#432=LINE('',#2539,#566);
#433=LINE('',#2542,#567);
#434=LINE('',#2543,#568);
#435=LINE('',#2546,#569);
#436=LINE('',#2547,#570);
#437=LINE('',#2549,#571);
#438=LINE('',#2553,#572);
#439=LINE('',#2555,#573);
#440=LINE('',#2556,#574);
#441=LINE('',#2559,#575);
#442=LINE('',#2560,#576);
#443=LINE('',#2563,#577);
#444=LINE('',#2564,#578);
#445=LINE('',#2566,#579);
#446=LINE('',#2570,#580);
#447=LINE('',#2577,#581);
#448=LINE('',#2586,#582);
#449=LINE('',#2595,#583);
#450=LINE('',#2601,#584);
#451=LINE('',#2605,#585);
#452=LINE('',#2607,#586);
#453=LINE('',#2611,#587);
#454=LINE('',#2614,#588);
#455=LINE('',#2615,#589);
#456=LINE('',#2618,#590);
#457=LINE('',#2619,#591);
#458=LINE('',#2621,#592);
#459=LINE('',#2626,#593);
#460=LINE('',#2630,#594);
#461=LINE('',#2634,#595);
#462=LINE('',#2638,#596);
#463=LINE('',#2642,#597);
#464=LINE('',#2646,#598);
#465=LINE('',#2650,#599);
#466=LINE('',#2654,#600);
#467=LINE('',#2658,#601);
#468=VECTOR('',#1760,10.);
#469=VECTOR('',#1763,10.);
#470=VECTOR('',#1766,10.);
#471=VECTOR('',#1767,10.);
#472=VECTOR('',#1768,10.);
#473=VECTOR('',#1775,10.);
#474=VECTOR('',#1780,10.);
#475=VECTOR('',#1783,10.);
#476=VECTOR('',#1786,10.);
#477=VECTOR('',#1787,10.);
#478=VECTOR('',#1788,10.);
#479=VECTOR('',#1795,10.);
#480=VECTOR('',#1798,10.);
#481=VECTOR('',#1799,10.);
#482=VECTOR('',#1804,3.375);
#483=VECTOR('',#1815,3.375);
#484=VECTOR('',#1826,3.37499999999999);
#485=VECTOR('',#1837,3.375);
#486=VECTOR('',#1848,3.375);
#487=VECTOR('',#1859,3.37499999999999);
#488=VECTOR('',#1870,3.375);
#489=VECTOR('',#1881,3.375);
#490=VECTOR('',#1892,3.37499999999999);
#491=VECTOR('',#1903,10.);
#492=VECTOR('',#1906,10.);
#493=VECTOR('',#1909,10.);
#494=VECTOR('',#1910,10.);
#495=VECTOR('',#1911,10.);
#496=VECTOR('',#1912,10.);
#497=VECTOR('',#1915,10.);
#498=VECTOR('',#1918,10.);
#499=VECTOR('',#1921,10.);
#500=VECTOR('',#1928,10.);
#501=VECTOR('',#1931,10.);
#502=VECTOR('',#1934,10.);
#503=VECTOR('',#1935,10.);
#504=VECTOR('',#1936,10.);
#505=VECTOR('',#1937,10.);
#506=VECTOR('',#1938,10.);
#507=VECTOR('',#1947,10.);
#508=VECTOR('',#1950,10.);
#509=VECTOR('',#1955,10.);
#510=VECTOR('',#1958,10.);
#511=VECTOR('',#1959,10.);
#512=VECTOR('',#1960,10.);
#513=VECTOR('',#1961,10.);
#514=VECTOR('',#1964,10.);
#515=VECTOR('',#1965,10.);
#516=VECTOR('',#1966,10.);
#517=VECTOR('',#1967,10.);
#518=VECTOR('',#1968,10.);
#519=VECTOR('',#1969,10.);
#520=VECTOR('',#1970,10.);
#521=VECTOR('',#1971,10.);
#522=VECTOR('',#1972,10.);
#523=VECTOR('',#1973,10.);
#524=VECTOR('',#1974,10.);
#525=VECTOR('',#1975,10.);
#526=VECTOR('',#1976,10.);
#527=VECTOR('',#1977,10.);
#528=VECTOR('',#1978,10.);
#529=VECTOR('',#1979,10.);
#530=VECTOR('',#1980,10.);
#531=VECTOR('',#1983,10.);
#532=VECTOR('',#1984,10.);
#533=VECTOR('',#1989,10.);
#534=VECTOR('',#1994,10.);
#535=VECTOR('',#1995,10.);
#536=VECTOR('',#1998,10.);
#537=VECTOR('',#1999,10.);
#538=VECTOR('',#2002,10.);
#539=VECTOR('',#2003,10.);
#540=VECTOR('',#2004,10.);
#541=VECTOR('',#2005,10.);
#542=VECTOR('',#2008,10.);
#543=VECTOR('',#2013,10.);
#544=VECTOR('',#2016,10.);
#545=VECTOR('',#2017,10.);
#546=VECTOR('',#2024,10.);
#547=VECTOR('',#2031,10.);
#548=VECTOR('',#2034,10.);
#549=VECTOR('',#2035,10.);
#550=VECTOR('',#2036,10.);
#551=VECTOR('',#2039,10.);
#552=VECTOR('',#2040,10.);
#553=VECTOR('',#2043,10.);
#554=VECTOR('',#2044,10.);
#555=VECTOR('',#2047,10.);
#556=VECTOR('',#2052,10.);
#557=VECTOR('',#2053,10.);
#558=VECTOR('',#2054,10.);
#559=VECTOR('',#2057,10.);
#560=VECTOR('',#2058,10.);
#561=VECTOR('',#2061,10.);
#562=VECTOR('',#2062,10.);
#563=VECTOR('',#2065,10.);
#564=VECTOR('',#2070,10.);
#565=VECTOR('',#2071,10.);
#566=VECTOR('',#2072,10.);
#567=VECTOR('',#2075,10.);
#568=VECTOR('',#2076,10.);
#569=VECTOR('',#2079,10.);
#570=VECTOR('',#2080,10.);
#571=VECTOR('',#2083,10.);
#572=VECTOR('',#2088,10.);
#573=VECTOR('',#2089,10.);
#574=VECTOR('',#2090,10.);
#575=VECTOR('',#2093,10.);
#576=VECTOR('',#2094,10.);
#577=VECTOR('',#2097,10.);
#578=VECTOR('',#2098,10.);
#579=VECTOR('',#2101,10.);
#580=VECTOR('',#2106,4.00000000000002);
#581=VECTOR('',#2115,3.99999999999999);
#582=VECTOR('',#2126,3.99999999999999);
#583=VECTOR('',#2137,4.00000000000002);
#584=VECTOR('',#2146,2.25);
#585=VECTOR('',#2151,2.25);
#586=VECTOR('',#2154,2.25000000000001);
#587=VECTOR('',#2159,2.25000000000001);
#588=VECTOR('',#2162,10.);
#589=VECTOR('',#2163,10.);
#590=VECTOR('',#2166,10.);
#591=VECTOR('',#2167,10.);
#592=VECTOR('',#2170,10.);
#593=VECTOR('',#2177,5.74999999999999);
#594=VECTOR('',#2182,5.74999999999999);
#595=VECTOR('',#2187,5.74999999999999);
#596=VECTOR('',#2192,5.74999999999999);
#597=VECTOR('',#2197,5.74999999999999);
#598=VECTOR('',#2202,5.74999999999999);
#599=VECTOR('',#2207,5.74999999999999);
#600=VECTOR('',#2212,5.74999999999999);
#601=VECTOR('',#2217,5.74999999999999);
#602=CIRCLE('',#1590,2.);
#603=CIRCLE('',#1591,2.);
#604=CIRCLE('',#1594,2.);
#605=CIRCLE('',#1595,2.);
#606=CIRCLE('',#1597,2.);
#607=CIRCLE('',#1598,2.);
#608=CIRCLE('',#1601,2.);
#609=CIRCLE('',#1602,2.);
#610=CIRCLE('',#1605,3.375);
#611=CIRCLE('',#1606,3.375);
#612=CIRCLE('',#1608,5.74999999999999);
#613=CIRCLE('',#1610,3.375);
#614=CIRCLE('',#1611,3.375);
#615=CIRCLE('',#1613,5.74999999999999);
#616=CIRCLE('',#1615,3.37499999999999);
#617=CIRCLE('',#1616,3.37499999999999);
#618=CIRCLE('',#1618,5.74999999999999);
#619=CIRCLE('',#1620,3.375);
#620=CIRCLE('',#1621,3.375);
#621=CIRCLE('',#1623,5.74999999999999);
#622=CIRCLE('',#1625,3.375);
#623=CIRCLE('',#1626,3.375);
#624=CIRCLE('',#1628,5.74999999999999);
#625=CIRCLE('',#1630,3.37499999999999);
#626=CIRCLE('',#1631,3.37499999999999);
#627=CIRCLE('',#1633,5.74999999999999);
#628=CIRCLE('',#1635,3.375);
#629=CIRCLE('',#1636,3.375);
#630=CIRCLE('',#1638,5.74999999999999);
#631=CIRCLE('',#1640,3.375);
#632=CIRCLE('',#1641,3.375);
#633=CIRCLE('',#1643,5.74999999999999);
#634=CIRCLE('',#1645,3.37499999999999);
#635=CIRCLE('',#1646,3.37499999999999);
#636=CIRCLE('',#1648,5.74999999999999);
#637=CIRCLE('',#1650,2.);
#638=CIRCLE('',#1651,2.);
#639=CIRCLE('',#1654,2.);
#640=CIRCLE('',#1655,2.);
#641=CIRCLE('',#1656,2.);
#642=CIRCLE('',#1658,2.);
#643=CIRCLE('',#1659,2.);
#644=CIRCLE('',#1661,2.25000000000001);
#645=CIRCLE('',#1662,2.25);
#646=CIRCLE('',#1664,2.);
#647=CIRCLE('',#1665,2.);
#648=CIRCLE('',#1667,2.);
#649=CIRCLE('',#1668,2.);
#650=CIRCLE('',#1669,2.);
#651=CIRCLE('',#1672,2.);
#652=CIRCLE('',#1674,2.);
#653=CIRCLE('',#1677,2.);
#654=CIRCLE('',#1678,2.);
#655=CIRCLE('',#1681,4.00000000000002);
#656=CIRCLE('',#1682,3.99999999999999);
#657=CIRCLE('',#1708,4.00000000000002);
#658=CIRCLE('',#1710,2.25000000000001);
#659=CIRCLE('',#1712,3.99999999999999);
#660=CIRCLE('',#1714,2.25);
#661=CIRCLE('',#1716,3.99999999999999);
#662=CIRCLE('',#1717,3.99999999999999);
#663=CIRCLE('',#1719,2.25);
#664=CIRCLE('',#1721,4.00000000000002);
#665=CIRCLE('',#1722,4.00000000000002);
#666=CIRCLE('',#1724,2.25000000000001);
#667=CIRCLE('',#1727,2.25);
#668=CIRCLE('',#1730,2.25000000000001);
#669=CIRCLE('',#1736,5.74999999999999);
#670=CIRCLE('',#1738,5.74999999999999);
#671=CIRCLE('',#1740,5.74999999999999);
#672=CIRCLE('',#1742,5.74999999999999);
#673=CIRCLE('',#1744,5.74999999999999);
#674=CIRCLE('',#1746,5.74999999999999);
#675=CIRCLE('',#1748,5.74999999999999);
#676=CIRCLE('',#1750,5.74999999999999);
#677=CIRCLE('',#1752,5.74999999999999);
#678=VERTEX_POINT('',#2222);
#679=VERTEX_POINT('',#2223);
#680=VERTEX_POINT('',#2225);
#681=VERTEX_POINT('',#2227);
#682=VERTEX_POINT('',#2231);
#683=VERTEX_POINT('',#2233);
#684=VERTEX_POINT('',#2237);
#685=VERTEX_POINT('',#2239);
#686=VERTEX_POINT('',#2243);
#687=VERTEX_POINT('',#2244);
#688=VERTEX_POINT('',#2246);
#689=VERTEX_POINT('',#2248);
#690=VERTEX_POINT('',#2252);
#691=VERTEX_POINT('',#2254);
#692=VERTEX_POINT('',#2258);
#693=VERTEX_POINT('',#2260);
#694=VERTEX_POINT('',#2267);
#695=VERTEX_POINT('',#2269);
#696=VERTEX_POINT('',#2273);
#697=VERTEX_POINT('',#2276);
#698=VERTEX_POINT('',#2278);
#699=VERTEX_POINT('',#2282);
#700=VERTEX_POINT('',#2285);
#701=VERTEX_POINT('',#2287);
#702=VERTEX_POINT('',#2291);
#703=VERTEX_POINT('',#2294);
#704=VERTEX_POINT('',#2296);
#705=VERTEX_POINT('',#2300);
#706=VERTEX_POINT('',#2303);
#707=VERTEX_POINT('',#2305);
#708=VERTEX_POINT('',#2309);
#709=VERTEX_POINT('',#2312);
#710=VERTEX_POINT('',#2314);
#711=VERTEX_POINT('',#2318);
#712=VERTEX_POINT('',#2321);
#713=VERTEX_POINT('',#2323);
#714=VERTEX_POINT('',#2327);
#715=VERTEX_POINT('',#2330);
#716=VERTEX_POINT('',#2332);
#717=VERTEX_POINT('',#2336);
#718=VERTEX_POINT('',#2339);
#719=VERTEX_POINT('',#2341);
#720=VERTEX_POINT('',#2345);
#721=VERTEX_POINT('',#2348);
#722=VERTEX_POINT('',#2349);
#723=VERTEX_POINT('',#2351);
#724=VERTEX_POINT('',#2353);
#725=VERTEX_POINT('',#2357);
#726=VERTEX_POINT('',#2359);
#727=VERTEX_POINT('',#2364);
#728=VERTEX_POINT('',#2366);
#729=VERTEX_POINT('',#2368);
#730=VERTEX_POINT('',#2370);
#731=VERTEX_POINT('',#2372);
#732=VERTEX_POINT('',#2376);
#733=VERTEX_POINT('',#2377);
#734=VERTEX_POINT('',#2379);
#735=VERTEX_POINT('',#2381);
#736=VERTEX_POINT('',#2385);
#737=VERTEX_POINT('',#2387);
#738=VERTEX_POINT('',#2389);
#739=VERTEX_POINT('',#2391);
#740=VERTEX_POINT('',#2394);
#741=VERTEX_POINT('',#2396);
#742=VERTEX_POINT('',#2399);
#743=VERTEX_POINT('',#2400);
#744=VERTEX_POINT('',#2402);
#745=VERTEX_POINT('',#2404);
#746=VERTEX_POINT('',#2408);
#747=VERTEX_POINT('',#2410);
#748=VERTEX_POINT('',#2412);
#749=VERTEX_POINT('',#2415);
#750=VERTEX_POINT('',#2418);
#751=VERTEX_POINT('',#2420);
#752=VERTEX_POINT('',#2423);
#753=VERTEX_POINT('',#2424);
#754=VERTEX_POINT('',#2426);
#755=VERTEX_POINT('',#2428);
#756=VERTEX_POINT('',#2431);
#757=VERTEX_POINT('',#2432);
#758=VERTEX_POINT('',#2434);
#759=VERTEX_POINT('',#2436);
#760=VERTEX_POINT('',#2439);
#761=VERTEX_POINT('',#2440);
#762=VERTEX_POINT('',#2442);
#763=VERTEX_POINT('',#2444);
#764=VERTEX_POINT('',#2447);
#765=VERTEX_POINT('',#2448);
#766=VERTEX_POINT('',#2450);
#767=VERTEX_POINT('',#2452);
#768=VERTEX_POINT('',#2456);
#769=VERTEX_POINT('',#2460);
#770=VERTEX_POINT('',#2464);
#771=VERTEX_POINT('',#2465);
#772=VERTEX_POINT('',#2470);
#773=VERTEX_POINT('',#2475);
#774=VERTEX_POINT('',#2478);
#775=VERTEX_POINT('',#2480);
#776=VERTEX_POINT('',#2482);
#777=VERTEX_POINT('',#2490);
#778=VERTEX_POINT('',#2492);
#779=VERTEX_POINT('',#2501);
#780=VERTEX_POINT('',#2503);
#781=VERTEX_POINT('',#2507);
#782=VERTEX_POINT('',#2511);
#783=VERTEX_POINT('',#2518);
#784=VERTEX_POINT('',#2520);
#785=VERTEX_POINT('',#2524);
#786=VERTEX_POINT('',#2528);
#787=VERTEX_POINT('',#2535);
#788=VERTEX_POINT('',#2537);
#789=VERTEX_POINT('',#2541);
#790=VERTEX_POINT('',#2545);
#791=VERTEX_POINT('',#2552);
#792=VERTEX_POINT('',#2554);
#793=VERTEX_POINT('',#2558);
#794=VERTEX_POINT('',#2562);
#795=VERTEX_POINT('',#2569);
#796=VERTEX_POINT('',#2573);
#797=VERTEX_POINT('',#2576);
#798=VERTEX_POINT('',#2580);
#799=VERTEX_POINT('',#2583);
#800=VERTEX_POINT('',#2585);
#801=VERTEX_POINT('',#2589);
#802=VERTEX_POINT('',#2592);
#803=VERTEX_POINT('',#2594);
#804=VERTEX_POINT('',#2598);
#805=VERTEX_POINT('',#2603);
#806=VERTEX_POINT('',#2609);
#807=VERTEX_POINT('',#2613);
#808=VERTEX_POINT('',#2617);
#809=VERTEX_POINT('',#2624);
#810=VERTEX_POINT('',#2628);
#811=VERTEX_POINT('',#2632);
#812=VERTEX_POINT('',#2636);
#813=VERTEX_POINT('',#2640);
#814=VERTEX_POINT('',#2644);
#815=VERTEX_POINT('',#2648);
#816=VERTEX_POINT('',#2652);
#817=VERTEX_POINT('',#2656);
#818=EDGE_CURVE('',#678,#679,#602,.T.);
#819=EDGE_CURVE('',#679,#680,#334,.T.);
#820=EDGE_CURVE('',#680,#681,#603,.T.);
#821=EDGE_CURVE('',#681,#678,#335,.T.);
#822=EDGE_CURVE('',#679,#682,#336,.T.);
#823=EDGE_CURVE('',#683,#682,#337,.T.);
#824=EDGE_CURVE('',#683,#680,#338,.T.);
#825=EDGE_CURVE('',#684,#683,#604,.T.);
#826=EDGE_CURVE('',#682,#685,#605,.T.);
#827=EDGE_CURVE('',#685,#684,#339,.T.);
#828=EDGE_CURVE('',#686,#687,#606,.T.);
#829=EDGE_CURVE('',#687,#688,#340,.T.);
#830=EDGE_CURVE('',#688,#689,#607,.T.);
#831=EDGE_CURVE('',#689,#686,#341,.T.);
#832=EDGE_CURVE('',#690,#687,#342,.T.);
#833=EDGE_CURVE('',#691,#690,#343,.T.);
#834=EDGE_CURVE('',#688,#691,#344,.T.);
#835=EDGE_CURVE('',#692,#691,#608,.T.);
#836=EDGE_CURVE('',#690,#693,#609,.T.);
#837=EDGE_CURVE('',#693,#692,#345,.T.);
#838=EDGE_CURVE('',#686,#681,#346,.T.);
#839=EDGE_CURVE('',#678,#689,#347,.T.);
#840=EDGE_CURVE('',#694,#694,#610,.T.);
#841=EDGE_CURVE('',#694,#695,#348,.T.);
#842=EDGE_CURVE('',#695,#695,#611,.T.);
#843=EDGE_CURVE('',#696,#696,#612,.T.);
#844=EDGE_CURVE('',#697,#697,#613,.T.);
#845=EDGE_CURVE('',#697,#698,#349,.T.);
#846=EDGE_CURVE('',#698,#698,#614,.T.);
#847=EDGE_CURVE('',#699,#699,#615,.T.);
#848=EDGE_CURVE('',#700,#700,#616,.T.);
#849=EDGE_CURVE('',#700,#701,#350,.T.);
#850=EDGE_CURVE('',#701,#701,#617,.T.);
#851=EDGE_CURVE('',#702,#702,#618,.T.);
#852=EDGE_CURVE('',#703,#703,#619,.T.);
#853=EDGE_CURVE('',#703,#704,#351,.T.);
#854=EDGE_CURVE('',#704,#704,#620,.T.);
#855=EDGE_CURVE('',#705,#705,#621,.T.);
#856=EDGE_CURVE('',#706,#706,#622,.T.);
#857=EDGE_CURVE('',#706,#707,#352,.T.);
#858=EDGE_CURVE('',#707,#707,#623,.T.);
#859=EDGE_CURVE('',#708,#708,#624,.T.);
#860=EDGE_CURVE('',#709,#709,#625,.T.);
#861=EDGE_CURVE('',#709,#710,#353,.T.);
#862=EDGE_CURVE('',#710,#710,#626,.T.);
#863=EDGE_CURVE('',#711,#711,#627,.T.);
#864=EDGE_CURVE('',#712,#712,#628,.T.);
#865=EDGE_CURVE('',#712,#713,#354,.T.);
#866=EDGE_CURVE('',#713,#713,#629,.T.);
#867=EDGE_CURVE('',#714,#714,#630,.T.);
#868=EDGE_CURVE('',#715,#715,#631,.T.);
#869=EDGE_CURVE('',#715,#716,#355,.T.);
#870=EDGE_CURVE('',#716,#716,#632,.T.);
#871=EDGE_CURVE('',#717,#717,#633,.T.);
#872=EDGE_CURVE('',#718,#718,#634,.T.);
#873=EDGE_CURVE('',#718,#719,#356,.T.);
#874=EDGE_CURVE('',#719,#719,#635,.T.);
#875=EDGE_CURVE('',#720,#720,#636,.T.);
#876=EDGE_CURVE('',#721,#722,#637,.T.);
#877=EDGE_CURVE('',#722,#723,#357,.T.);
#878=EDGE_CURVE('',#723,#724,#638,.T.);
#879=EDGE_CURVE('',#724,#721,#358,.T.);
#880=EDGE_CURVE('',#721,#725,#359,.T.);
#881=EDGE_CURVE('',#726,#724,#360,.T.);
#882=EDGE_CURVE('',#725,#726,#361,.T.);
#883=EDGE_CURVE('',#684,#693,#362,.T.);
#884=EDGE_CURVE('',#723,#727,#363,.T.);
#885=EDGE_CURVE('',#728,#727,#639,.T.);
#886=EDGE_CURVE('',#728,#729,#364,.T.);
#887=EDGE_CURVE('',#730,#729,#640,.T.);
#888=EDGE_CURVE('',#730,#731,#365,.T.);
#889=EDGE_CURVE('',#726,#731,#641,.T.);
#890=EDGE_CURVE('',#732,#733,#642,.T.);
#891=EDGE_CURVE('',#733,#734,#366,.T.);
#892=EDGE_CURVE('',#735,#734,#643,.T.);
#893=EDGE_CURVE('',#735,#732,#367,.T.);
#894=EDGE_CURVE('',#736,#735,#368,.T.);
#895=EDGE_CURVE('',#737,#736,#369,.T.);
#896=EDGE_CURVE('',#738,#737,#370,.T.);
#897=EDGE_CURVE('',#738,#739,#371,.T.);
#898=EDGE_CURVE('',#732,#739,#372,.T.);
#899=EDGE_CURVE('',#740,#740,#644,.T.);
#900=EDGE_CURVE('',#741,#741,#645,.T.);
#901=EDGE_CURVE('',#742,#743,#646,.T.);
#902=EDGE_CURVE('',#743,#744,#373,.T.);
#903=EDGE_CURVE('',#744,#745,#647,.F.);
#904=EDGE_CURVE('',#745,#742,#374,.T.);
#905=EDGE_CURVE('',#746,#725,#648,.T.);
#906=EDGE_CURVE('',#746,#747,#375,.T.);
#907=EDGE_CURVE('',#748,#747,#649,.T.);
#908=EDGE_CURVE('',#748,#733,#376,.T.);
#909=EDGE_CURVE('',#739,#749,#377,.T.);
#910=EDGE_CURVE('',#749,#743,#378,.T.);
#911=EDGE_CURVE('',#742,#750,#379,.T.);
#912=EDGE_CURVE('',#751,#750,#650,.T.);
#913=EDGE_CURVE('',#751,#722,#380,.T.);
#914=EDGE_CURVE('',#752,#753,#381,.T.);
#915=EDGE_CURVE('',#753,#754,#382,.T.);
#916=EDGE_CURVE('',#754,#755,#383,.T.);
#917=EDGE_CURVE('',#755,#752,#384,.T.);
#918=EDGE_CURVE('',#756,#757,#385,.T.);
#919=EDGE_CURVE('',#757,#758,#386,.T.);
#920=EDGE_CURVE('',#758,#759,#387,.T.);
#921=EDGE_CURVE('',#759,#756,#388,.T.);
#922=EDGE_CURVE('',#760,#761,#389,.T.);
#923=EDGE_CURVE('',#761,#762,#390,.T.);
#924=EDGE_CURVE('',#762,#763,#391,.T.);
#925=EDGE_CURVE('',#763,#760,#392,.T.);
#926=EDGE_CURVE('',#764,#765,#393,.T.);
#927=EDGE_CURVE('',#765,#766,#394,.T.);
#928=EDGE_CURVE('',#766,#767,#395,.T.);
#929=EDGE_CURVE('',#767,#764,#396,.T.);
#930=EDGE_CURVE('',#745,#768,#397,.T.);
#931=EDGE_CURVE('',#750,#768,#398,.T.);
#932=EDGE_CURVE('',#768,#769,#651,.F.);
#933=EDGE_CURVE('',#769,#751,#399,.T.);
#934=EDGE_CURVE('',#770,#771,#652,.T.);
#935=EDGE_CURVE('',#771,#728,#400,.T.);
#936=EDGE_CURVE('',#727,#770,#401,.T.);
#937=EDGE_CURVE('',#772,#771,#402,.T.);
#938=EDGE_CURVE('',#729,#772,#403,.T.);
#939=EDGE_CURVE('',#770,#769,#404,.T.);
#940=EDGE_CURVE('',#744,#773,#405,.T.);
#941=EDGE_CURVE('',#773,#736,#406,.T.);
#942=EDGE_CURVE('',#774,#734,#407,.T.);
#943=EDGE_CURVE('',#775,#774,#653,.F.);
#944=EDGE_CURVE('',#775,#776,#408,.T.);
#945=EDGE_CURVE('',#772,#776,#654,.T.);
#946=EDGE_CURVE('',#776,#730,#409,.T.);
#947=EDGE_CURVE('',#747,#775,#410,.T.);
#948=EDGE_CURVE('',#731,#746,#411,.T.);
#949=EDGE_CURVE('',#777,#777,#655,.T.);
#950=EDGE_CURVE('',#778,#778,#656,.T.);
#951=EDGE_CURVE('',#774,#748,#412,.T.);
#952=EDGE_CURVE('',#692,#685,#413,.T.);
#953=EDGE_CURVE('',#764,#779,#414,.T.);
#954=EDGE_CURVE('',#780,#779,#415,.T.);
#955=EDGE_CURVE('',#765,#780,#416,.T.);
#956=EDGE_CURVE('',#781,#780,#417,.T.);
#957=EDGE_CURVE('',#766,#781,#418,.T.);
#958=EDGE_CURVE('',#782,#781,#419,.T.);
#959=EDGE_CURVE('',#767,#782,#420,.T.);
#960=EDGE_CURVE('',#779,#782,#421,.T.);
#961=EDGE_CURVE('',#756,#783,#422,.T.);
#962=EDGE_CURVE('',#784,#783,#423,.T.);
#963=EDGE_CURVE('',#757,#784,#424,.T.);
#964=EDGE_CURVE('',#785,#784,#425,.T.);
#965=EDGE_CURVE('',#758,#785,#426,.T.);
#966=EDGE_CURVE('',#786,#785,#427,.T.);
#967=EDGE_CURVE('',#759,#786,#428,.T.);
#968=EDGE_CURVE('',#783,#786,#429,.T.);
#969=EDGE_CURVE('',#760,#787,#430,.T.);
#970=EDGE_CURVE('',#788,#787,#431,.T.);
#971=EDGE_CURVE('',#761,#788,#432,.T.);
#972=EDGE_CURVE('',#789,#788,#433,.T.);
#973=EDGE_CURVE('',#762,#789,#434,.T.);
#974=EDGE_CURVE('',#790,#789,#435,.T.);
#975=EDGE_CURVE('',#763,#790,#436,.T.);
#976=EDGE_CURVE('',#787,#790,#437,.T.);
#977=EDGE_CURVE('',#752,#791,#438,.T.);
#978=EDGE_CURVE('',#792,#791,#439,.T.);
#979=EDGE_CURVE('',#753,#792,#440,.T.);
#980=EDGE_CURVE('',#793,#792,#441,.T.);
#981=EDGE_CURVE('',#754,#793,#442,.T.);
#982=EDGE_CURVE('',#794,#793,#443,.T.);
#983=EDGE_CURVE('',#755,#794,#444,.T.);
#984=EDGE_CURVE('',#791,#794,#445,.T.);
#985=EDGE_CURVE('',#777,#795,#446,.T.);
#986=EDGE_CURVE('',#795,#795,#657,.T.);
#987=EDGE_CURVE('',#796,#796,#658,.T.);
#988=EDGE_CURVE('',#778,#797,#447,.T.);
#989=EDGE_CURVE('',#797,#797,#659,.T.);
#990=EDGE_CURVE('',#798,#798,#660,.T.);
#991=EDGE_CURVE('',#799,#799,#661,.T.);
#992=EDGE_CURVE('',#799,#800,#448,.T.);
#993=EDGE_CURVE('',#800,#800,#662,.T.);
#994=EDGE_CURVE('',#801,#801,#663,.T.);
#995=EDGE_CURVE('',#802,#802,#664,.T.);
#996=EDGE_CURVE('',#802,#803,#449,.T.);
#997=EDGE_CURVE('',#803,#803,#665,.T.);
#998=EDGE_CURVE('',#804,#804,#666,.T.);
#999=EDGE_CURVE('',#798,#741,#450,.T.);
#1000=EDGE_CURVE('',#805,#805,#667,.T.);
#1001=EDGE_CURVE('',#805,#801,#451,.T.);
#1002=EDGE_CURVE('',#796,#740,#452,.T.);
#1003=EDGE_CURVE('',#806,#806,#668,.T.);
#1004=EDGE_CURVE('',#806,#804,#453,.T.);
#1005=EDGE_CURVE('',#807,#773,#454,.T.);
#1006=EDGE_CURVE('',#737,#807,#455,.T.);
#1007=EDGE_CURVE('',#808,#738,#456,.T.);
#1008=EDGE_CURVE('',#808,#749,#457,.T.);
#1009=EDGE_CURVE('',#807,#808,#458,.T.);
#1010=EDGE_CURVE('',#809,#809,#669,.T.);
#1011=EDGE_CURVE('',#809,#714,#459,.T.);
#1012=EDGE_CURVE('',#810,#810,#670,.T.);
#1013=EDGE_CURVE('',#810,#717,#460,.T.);
#1014=EDGE_CURVE('',#811,#811,#671,.T.);
#1015=EDGE_CURVE('',#811,#702,#461,.T.);
#1016=EDGE_CURVE('',#812,#812,#672,.T.);
#1017=EDGE_CURVE('',#812,#705,#462,.T.);
#1018=EDGE_CURVE('',#813,#813,#673,.T.);
#1019=EDGE_CURVE('',#813,#699,#463,.T.);
#1020=EDGE_CURVE('',#814,#814,#674,.T.);
#1021=EDGE_CURVE('',#814,#708,#464,.T.);
#1022=EDGE_CURVE('',#815,#815,#675,.T.);
#1023=EDGE_CURVE('',#815,#711,#465,.T.);
#1024=EDGE_CURVE('',#816,#816,#676,.T.);
#1025=EDGE_CURVE('',#816,#720,#466,.T.);
#1026=EDGE_CURVE('',#817,#817,#677,.T.);
#1027=EDGE_CURVE('',#817,#696,#467,.T.);
#1028=ORIENTED_EDGE('',*,*,#818,.T.);
#1029=ORIENTED_EDGE('',*,*,#819,.T.);
#1030=ORIENTED_EDGE('',*,*,#820,.T.);
#1031=ORIENTED_EDGE('',*,*,#821,.T.);
#1032=ORIENTED_EDGE('',*,*,#819,.F.);
#1033=ORIENTED_EDGE('',*,*,#822,.T.);
#1034=ORIENTED_EDGE('',*,*,#823,.F.);
#1035=ORIENTED_EDGE('',*,*,#824,.T.);
#1036=ORIENTED_EDGE('',*,*,#825,.T.);
#1037=ORIENTED_EDGE('',*,*,#823,.T.);
#1038=ORIENTED_EDGE('',*,*,#826,.T.);
#1039=ORIENTED_EDGE('',*,*,#827,.T.);
#1040=ORIENTED_EDGE('',*,*,#828,.T.);
#1041=ORIENTED_EDGE('',*,*,#829,.T.);
#1042=ORIENTED_EDGE('',*,*,#830,.T.);
#1043=ORIENTED_EDGE('',*,*,#831,.T.);
#1044=ORIENTED_EDGE('',*,*,#829,.F.);
#1045=ORIENTED_EDGE('',*,*,#832,.F.);
#1046=ORIENTED_EDGE('',*,*,#833,.F.);
#1047=ORIENTED_EDGE('',*,*,#834,.F.);
#1048=ORIENTED_EDGE('',*,*,#835,.T.);
#1049=ORIENTED_EDGE('',*,*,#833,.T.);
#1050=ORIENTED_EDGE('',*,*,#836,.T.);
#1051=ORIENTED_EDGE('',*,*,#837,.T.);
#1052=ORIENTED_EDGE('',*,*,#821,.F.);
#1053=ORIENTED_EDGE('',*,*,#838,.F.);
#1054=ORIENTED_EDGE('',*,*,#831,.F.);
#1055=ORIENTED_EDGE('',*,*,#839,.F.);
#1056=ORIENTED_EDGE('',*,*,#840,.F.);
#1057=ORIENTED_EDGE('',*,*,#841,.T.);
#1058=ORIENTED_EDGE('',*,*,#842,.T.);
#1059=ORIENTED_EDGE('',*,*,#841,.F.);
#1060=ORIENTED_EDGE('',*,*,#843,.F.);
#1061=ORIENTED_EDGE('',*,*,#840,.T.);
#1062=ORIENTED_EDGE('',*,*,#844,.F.);
#1063=ORIENTED_EDGE('',*,*,#845,.T.);
#1064=ORIENTED_EDGE('',*,*,#846,.T.);
#1065=ORIENTED_EDGE('',*,*,#845,.F.);
#1066=ORIENTED_EDGE('',*,*,#847,.F.);
#1067=ORIENTED_EDGE('',*,*,#844,.T.);
#1068=ORIENTED_EDGE('',*,*,#848,.F.);
#1069=ORIENTED_EDGE('',*,*,#849,.T.);
#1070=ORIENTED_EDGE('',*,*,#850,.T.);
#1071=ORIENTED_EDGE('',*,*,#849,.F.);
#1072=ORIENTED_EDGE('',*,*,#851,.F.);
#1073=ORIENTED_EDGE('',*,*,#848,.T.);
#1074=ORIENTED_EDGE('',*,*,#852,.F.);
#1075=ORIENTED_EDGE('',*,*,#853,.T.);
#1076=ORIENTED_EDGE('',*,*,#854,.T.);
#1077=ORIENTED_EDGE('',*,*,#853,.F.);
#1078=ORIENTED_EDGE('',*,*,#855,.F.);
#1079=ORIENTED_EDGE('',*,*,#852,.T.);
#1080=ORIENTED_EDGE('',*,*,#856,.F.);
#1081=ORIENTED_EDGE('',*,*,#857,.T.);
#1082=ORIENTED_EDGE('',*,*,#858,.T.);
#1083=ORIENTED_EDGE('',*,*,#857,.F.);
#1084=ORIENTED_EDGE('',*,*,#859,.F.);
#1085=ORIENTED_EDGE('',*,*,#856,.T.);
#1086=ORIENTED_EDGE('',*,*,#860,.F.);
#1087=ORIENTED_EDGE('',*,*,#861,.T.);
#1088=ORIENTED_EDGE('',*,*,#862,.T.);
#1089=ORIENTED_EDGE('',*,*,#861,.F.);
#1090=ORIENTED_EDGE('',*,*,#863,.F.);
#1091=ORIENTED_EDGE('',*,*,#860,.T.);
#1092=ORIENTED_EDGE('',*,*,#864,.F.);
#1093=ORIENTED_EDGE('',*,*,#865,.T.);
#1094=ORIENTED_EDGE('',*,*,#866,.T.);
#1095=ORIENTED_EDGE('',*,*,#865,.F.);
#1096=ORIENTED_EDGE('',*,*,#867,.F.);
#1097=ORIENTED_EDGE('',*,*,#864,.T.);
#1098=ORIENTED_EDGE('',*,*,#868,.F.);
#1099=ORIENTED_EDGE('',*,*,#869,.T.);
#1100=ORIENTED_EDGE('',*,*,#870,.T.);
#1101=ORIENTED_EDGE('',*,*,#869,.F.);
#1102=ORIENTED_EDGE('',*,*,#871,.F.);
#1103=ORIENTED_EDGE('',*,*,#868,.T.);
#1104=ORIENTED_EDGE('',*,*,#872,.F.);
#1105=ORIENTED_EDGE('',*,*,#873,.T.);
#1106=ORIENTED_EDGE('',*,*,#874,.T.);
#1107=ORIENTED_EDGE('',*,*,#873,.F.);
#1108=ORIENTED_EDGE('',*,*,#875,.F.);
#1109=ORIENTED_EDGE('',*,*,#872,.T.);
#1110=ORIENTED_EDGE('',*,*,#876,.T.);
#1111=ORIENTED_EDGE('',*,*,#877,.T.);
#1112=ORIENTED_EDGE('',*,*,#878,.T.);
#1113=ORIENTED_EDGE('',*,*,#879,.T.);
#1114=ORIENTED_EDGE('',*,*,#880,.F.);
#1115=ORIENTED_EDGE('',*,*,#879,.F.);
#1116=ORIENTED_EDGE('',*,*,#881,.F.);
#1117=ORIENTED_EDGE('',*,*,#882,.F.);
#1118=ORIENTED_EDGE('',*,*,#883,.T.);
#1119=ORIENTED_EDGE('',*,*,#836,.F.);
#1120=ORIENTED_EDGE('',*,*,#832,.T.);
#1121=ORIENTED_EDGE('',*,*,#828,.F.);
#1122=ORIENTED_EDGE('',*,*,#838,.T.);
#1123=ORIENTED_EDGE('',*,*,#820,.F.);
#1124=ORIENTED_EDGE('',*,*,#824,.F.);
#1125=ORIENTED_EDGE('',*,*,#825,.F.);
#1126=ORIENTED_EDGE('',*,*,#878,.F.);
#1127=ORIENTED_EDGE('',*,*,#884,.T.);
#1128=ORIENTED_EDGE('',*,*,#885,.F.);
#1129=ORIENTED_EDGE('',*,*,#886,.T.);
#1130=ORIENTED_EDGE('',*,*,#887,.F.);
#1131=ORIENTED_EDGE('',*,*,#888,.T.);
#1132=ORIENTED_EDGE('',*,*,#889,.F.);
#1133=ORIENTED_EDGE('',*,*,#881,.T.);
#1134=ORIENTED_EDGE('',*,*,#842,.F.);
#1135=ORIENTED_EDGE('',*,*,#846,.F.);
#1136=ORIENTED_EDGE('',*,*,#850,.F.);
#1137=ORIENTED_EDGE('',*,*,#854,.F.);
#1138=ORIENTED_EDGE('',*,*,#858,.F.);
#1139=ORIENTED_EDGE('',*,*,#862,.F.);
#1140=ORIENTED_EDGE('',*,*,#866,.F.);
#1141=ORIENTED_EDGE('',*,*,#870,.F.);
#1142=ORIENTED_EDGE('',*,*,#874,.F.);
#1143=ORIENTED_EDGE('',*,*,#890,.T.);
#1144=ORIENTED_EDGE('',*,*,#891,.T.);
#1145=ORIENTED_EDGE('',*,*,#892,.F.);
#1146=ORIENTED_EDGE('',*,*,#893,.T.);
#1147=ORIENTED_EDGE('',*,*,#893,.F.);
#1148=ORIENTED_EDGE('',*,*,#894,.F.);
#1149=ORIENTED_EDGE('',*,*,#895,.F.);
#1150=ORIENTED_EDGE('',*,*,#896,.F.);
#1151=ORIENTED_EDGE('',*,*,#897,.T.);
#1152=ORIENTED_EDGE('',*,*,#898,.F.);
#1153=ORIENTED_EDGE('',*,*,#899,.T.);
#1154=ORIENTED_EDGE('',*,*,#900,.T.);
#1155=ORIENTED_EDGE('',*,*,#901,.T.);
#1156=ORIENTED_EDGE('',*,*,#902,.T.);
#1157=ORIENTED_EDGE('',*,*,#903,.T.);
#1158=ORIENTED_EDGE('',*,*,#904,.T.);
#1159=ORIENTED_EDGE('',*,*,#876,.F.);
#1160=ORIENTED_EDGE('',*,*,#880,.T.);
#1161=ORIENTED_EDGE('',*,*,#905,.F.);
#1162=ORIENTED_EDGE('',*,*,#906,.T.);
#1163=ORIENTED_EDGE('',*,*,#907,.F.);
#1164=ORIENTED_EDGE('',*,*,#908,.T.);
#1165=ORIENTED_EDGE('',*,*,#890,.F.);
#1166=ORIENTED_EDGE('',*,*,#898,.T.);
#1167=ORIENTED_EDGE('',*,*,#909,.T.);
#1168=ORIENTED_EDGE('',*,*,#910,.T.);
#1169=ORIENTED_EDGE('',*,*,#901,.F.);
#1170=ORIENTED_EDGE('',*,*,#911,.T.);
#1171=ORIENTED_EDGE('',*,*,#912,.F.);
#1172=ORIENTED_EDGE('',*,*,#913,.T.);
#1173=ORIENTED_EDGE('',*,*,#914,.T.);
#1174=ORIENTED_EDGE('',*,*,#915,.T.);
#1175=ORIENTED_EDGE('',*,*,#916,.T.);
#1176=ORIENTED_EDGE('',*,*,#917,.T.);
#1177=ORIENTED_EDGE('',*,*,#918,.T.);
#1178=ORIENTED_EDGE('',*,*,#919,.T.);
#1179=ORIENTED_EDGE('',*,*,#920,.T.);
#1180=ORIENTED_EDGE('',*,*,#921,.T.);
#1181=ORIENTED_EDGE('',*,*,#922,.T.);
#1182=ORIENTED_EDGE('',*,*,#923,.T.);
#1183=ORIENTED_EDGE('',*,*,#924,.T.);
#1184=ORIENTED_EDGE('',*,*,#925,.T.);
#1185=ORIENTED_EDGE('',*,*,#926,.T.);
#1186=ORIENTED_EDGE('',*,*,#927,.T.);
#1187=ORIENTED_EDGE('',*,*,#928,.T.);
#1188=ORIENTED_EDGE('',*,*,#929,.T.);
#1189=ORIENTED_EDGE('',*,*,#904,.F.);
#1190=ORIENTED_EDGE('',*,*,#930,.T.);
#1191=ORIENTED_EDGE('',*,*,#931,.F.);
#1192=ORIENTED_EDGE('',*,*,#911,.F.);
#1193=ORIENTED_EDGE('',*,*,#912,.T.);
#1194=ORIENTED_EDGE('',*,*,#931,.T.);
#1195=ORIENTED_EDGE('',*,*,#932,.T.);
#1196=ORIENTED_EDGE('',*,*,#933,.T.);
#1197=ORIENTED_EDGE('',*,*,#934,.T.);
#1198=ORIENTED_EDGE('',*,*,#935,.T.);
#1199=ORIENTED_EDGE('',*,*,#885,.T.);
#1200=ORIENTED_EDGE('',*,*,#936,.T.);
#1201=ORIENTED_EDGE('',*,*,#935,.F.);
#1202=ORIENTED_EDGE('',*,*,#937,.F.);
#1203=ORIENTED_EDGE('',*,*,#938,.F.);
#1204=ORIENTED_EDGE('',*,*,#886,.F.);
#1205=ORIENTED_EDGE('',*,*,#934,.F.);
#1206=ORIENTED_EDGE('',*,*,#939,.T.);
#1207=ORIENTED_EDGE('',*,*,#932,.F.);
#1208=ORIENTED_EDGE('',*,*,#930,.F.);
#1209=ORIENTED_EDGE('',*,*,#903,.F.);
#1210=ORIENTED_EDGE('',*,*,#940,.T.);
#1211=ORIENTED_EDGE('',*,*,#941,.T.);
#1212=ORIENTED_EDGE('',*,*,#894,.T.);
#1213=ORIENTED_EDGE('',*,*,#892,.T.);
#1214=ORIENTED_EDGE('',*,*,#942,.F.);
#1215=ORIENTED_EDGE('',*,*,#943,.F.);
#1216=ORIENTED_EDGE('',*,*,#944,.T.);
#1217=ORIENTED_EDGE('',*,*,#945,.F.);
#1218=ORIENTED_EDGE('',*,*,#937,.T.);
#1219=ORIENTED_EDGE('',*,*,#945,.T.);
#1220=ORIENTED_EDGE('',*,*,#946,.T.);
#1221=ORIENTED_EDGE('',*,*,#887,.T.);
#1222=ORIENTED_EDGE('',*,*,#938,.T.);
#1223=ORIENTED_EDGE('',*,*,#946,.F.);
#1224=ORIENTED_EDGE('',*,*,#944,.F.);
#1225=ORIENTED_EDGE('',*,*,#947,.F.);
#1226=ORIENTED_EDGE('',*,*,#906,.F.);
#1227=ORIENTED_EDGE('',*,*,#948,.F.);
#1228=ORIENTED_EDGE('',*,*,#888,.F.);
#1229=ORIENTED_EDGE('',*,*,#949,.T.);
#1230=ORIENTED_EDGE('',*,*,#950,.T.);
#1231=ORIENTED_EDGE('',*,*,#907,.T.);
#1232=ORIENTED_EDGE('',*,*,#947,.T.);
#1233=ORIENTED_EDGE('',*,*,#943,.T.);
#1234=ORIENTED_EDGE('',*,*,#951,.T.);
#1235=ORIENTED_EDGE('',*,*,#891,.F.);
#1236=ORIENTED_EDGE('',*,*,#908,.F.);
#1237=ORIENTED_EDGE('',*,*,#951,.F.);
#1238=ORIENTED_EDGE('',*,*,#942,.T.);
#1239=ORIENTED_EDGE('',*,*,#905,.T.);
#1240=ORIENTED_EDGE('',*,*,#882,.T.);
#1241=ORIENTED_EDGE('',*,*,#889,.T.);
#1242=ORIENTED_EDGE('',*,*,#948,.T.);
#1243=ORIENTED_EDGE('',*,*,#827,.F.);
#1244=ORIENTED_EDGE('',*,*,#952,.F.);
#1245=ORIENTED_EDGE('',*,*,#837,.F.);
#1246=ORIENTED_EDGE('',*,*,#883,.F.);
#1247=ORIENTED_EDGE('',*,*,#926,.F.);
#1248=ORIENTED_EDGE('',*,*,#953,.T.);
#1249=ORIENTED_EDGE('',*,*,#954,.F.);
#1250=ORIENTED_EDGE('',*,*,#955,.F.);
#1251=ORIENTED_EDGE('',*,*,#927,.F.);
#1252=ORIENTED_EDGE('',*,*,#955,.T.);
#1253=ORIENTED_EDGE('',*,*,#956,.F.);
#1254=ORIENTED_EDGE('',*,*,#957,.F.);
#1255=ORIENTED_EDGE('',*,*,#928,.F.);
#1256=ORIENTED_EDGE('',*,*,#957,.T.);
#1257=ORIENTED_EDGE('',*,*,#958,.F.);
#1258=ORIENTED_EDGE('',*,*,#959,.F.);
#1259=ORIENTED_EDGE('',*,*,#929,.F.);
#1260=ORIENTED_EDGE('',*,*,#959,.T.);
#1261=ORIENTED_EDGE('',*,*,#960,.F.);
#1262=ORIENTED_EDGE('',*,*,#953,.F.);
#1263=ORIENTED_EDGE('',*,*,#960,.T.);
#1264=ORIENTED_EDGE('',*,*,#958,.T.);
#1265=ORIENTED_EDGE('',*,*,#956,.T.);
#1266=ORIENTED_EDGE('',*,*,#954,.T.);
#1267=ORIENTED_EDGE('',*,*,#918,.F.);
#1268=ORIENTED_EDGE('',*,*,#961,.T.);
#1269=ORIENTED_EDGE('',*,*,#962,.F.);
#1270=ORIENTED_EDGE('',*,*,#963,.F.);
#1271=ORIENTED_EDGE('',*,*,#919,.F.);
#1272=ORIENTED_EDGE('',*,*,#963,.T.);
#1273=ORIENTED_EDGE('',*,*,#964,.F.);
#1274=ORIENTED_EDGE('',*,*,#965,.F.);
#1275=ORIENTED_EDGE('',*,*,#920,.F.);
#1276=ORIENTED_EDGE('',*,*,#965,.T.);
#1277=ORIENTED_EDGE('',*,*,#966,.F.);
#1278=ORIENTED_EDGE('',*,*,#967,.F.);
#1279=ORIENTED_EDGE('',*,*,#921,.F.);
#1280=ORIENTED_EDGE('',*,*,#967,.T.);
#1281=ORIENTED_EDGE('',*,*,#968,.F.);
#1282=ORIENTED_EDGE('',*,*,#961,.F.);
#1283=ORIENTED_EDGE('',*,*,#968,.T.);
#1284=ORIENTED_EDGE('',*,*,#966,.T.);
#1285=ORIENTED_EDGE('',*,*,#964,.T.);
#1286=ORIENTED_EDGE('',*,*,#962,.T.);
#1287=ORIENTED_EDGE('',*,*,#922,.F.);
#1288=ORIENTED_EDGE('',*,*,#969,.T.);
#1289=ORIENTED_EDGE('',*,*,#970,.F.);
#1290=ORIENTED_EDGE('',*,*,#971,.F.);
#1291=ORIENTED_EDGE('',*,*,#923,.F.);
#1292=ORIENTED_EDGE('',*,*,#971,.T.);
#1293=ORIENTED_EDGE('',*,*,#972,.F.);
#1294=ORIENTED_EDGE('',*,*,#973,.F.);
#1295=ORIENTED_EDGE('',*,*,#924,.F.);
#1296=ORIENTED_EDGE('',*,*,#973,.T.);
#1297=ORIENTED_EDGE('',*,*,#974,.F.);
#1298=ORIENTED_EDGE('',*,*,#975,.F.);
#1299=ORIENTED_EDGE('',*,*,#925,.F.);
#1300=ORIENTED_EDGE('',*,*,#975,.T.);
#1301=ORIENTED_EDGE('',*,*,#976,.F.);
#1302=ORIENTED_EDGE('',*,*,#969,.F.);
#1303=ORIENTED_EDGE('',*,*,#976,.T.);
#1304=ORIENTED_EDGE('',*,*,#974,.T.);
#1305=ORIENTED_EDGE('',*,*,#972,.T.);
#1306=ORIENTED_EDGE('',*,*,#970,.T.);
#1307=ORIENTED_EDGE('',*,*,#914,.F.);
#1308=ORIENTED_EDGE('',*,*,#977,.T.);
#1309=ORIENTED_EDGE('',*,*,#978,.F.);
#1310=ORIENTED_EDGE('',*,*,#979,.F.);
#1311=ORIENTED_EDGE('',*,*,#915,.F.);
#1312=ORIENTED_EDGE('',*,*,#979,.T.);
#1313=ORIENTED_EDGE('',*,*,#980,.F.);
#1314=ORIENTED_EDGE('',*,*,#981,.F.);
#1315=ORIENTED_EDGE('',*,*,#916,.F.);
#1316=ORIENTED_EDGE('',*,*,#981,.T.);
#1317=ORIENTED_EDGE('',*,*,#982,.F.);
#1318=ORIENTED_EDGE('',*,*,#983,.F.);
#1319=ORIENTED_EDGE('',*,*,#917,.F.);
#1320=ORIENTED_EDGE('',*,*,#983,.T.);
#1321=ORIENTED_EDGE('',*,*,#984,.F.);
#1322=ORIENTED_EDGE('',*,*,#977,.F.);
#1323=ORIENTED_EDGE('',*,*,#984,.T.);
#1324=ORIENTED_EDGE('',*,*,#982,.T.);
#1325=ORIENTED_EDGE('',*,*,#980,.T.);
#1326=ORIENTED_EDGE('',*,*,#978,.T.);
#1327=ORIENTED_EDGE('',*,*,#949,.F.);
#1328=ORIENTED_EDGE('',*,*,#985,.T.);
#1329=ORIENTED_EDGE('',*,*,#986,.T.);
#1330=ORIENTED_EDGE('',*,*,#985,.F.);
#1331=ORIENTED_EDGE('',*,*,#986,.F.);
#1332=ORIENTED_EDGE('',*,*,#987,.F.);
#1333=ORIENTED_EDGE('',*,*,#950,.F.);
#1334=ORIENTED_EDGE('',*,*,#988,.T.);
#1335=ORIENTED_EDGE('',*,*,#989,.T.);
#1336=ORIENTED_EDGE('',*,*,#988,.F.);
#1337=ORIENTED_EDGE('',*,*,#989,.F.);
#1338=ORIENTED_EDGE('',*,*,#990,.F.);
#1339=ORIENTED_EDGE('',*,*,#991,.F.);
#1340=ORIENTED_EDGE('',*,*,#992,.T.);
#1341=ORIENTED_EDGE('',*,*,#993,.T.);
#1342=ORIENTED_EDGE('',*,*,#992,.F.);
#1343=ORIENTED_EDGE('',*,*,#993,.F.);
#1344=ORIENTED_EDGE('',*,*,#994,.F.);
#1345=ORIENTED_EDGE('',*,*,#995,.F.);
#1346=ORIENTED_EDGE('',*,*,#996,.T.);
#1347=ORIENTED_EDGE('',*,*,#997,.T.);
#1348=ORIENTED_EDGE('',*,*,#996,.F.);
#1349=ORIENTED_EDGE('',*,*,#997,.F.);
#1350=ORIENTED_EDGE('',*,*,#998,.F.);
#1351=ORIENTED_EDGE('',*,*,#990,.T.);
#1352=ORIENTED_EDGE('',*,*,#999,.T.);
#1353=ORIENTED_EDGE('',*,*,#900,.F.);
#1354=ORIENTED_EDGE('',*,*,#999,.F.);
#1355=ORIENTED_EDGE('',*,*,#1000,.F.);
#1356=ORIENTED_EDGE('',*,*,#1001,.T.);
#1357=ORIENTED_EDGE('',*,*,#994,.T.);
#1358=ORIENTED_EDGE('',*,*,#1001,.F.);
#1359=ORIENTED_EDGE('',*,*,#987,.T.);
#1360=ORIENTED_EDGE('',*,*,#1002,.T.);
#1361=ORIENTED_EDGE('',*,*,#899,.F.);
#1362=ORIENTED_EDGE('',*,*,#1002,.F.);
#1363=ORIENTED_EDGE('',*,*,#1003,.F.);
#1364=ORIENTED_EDGE('',*,*,#1004,.T.);
#1365=ORIENTED_EDGE('',*,*,#998,.T.);
#1366=ORIENTED_EDGE('',*,*,#1004,.F.);
#1367=ORIENTED_EDGE('',*,*,#1005,.F.);
#1368=ORIENTED_EDGE('',*,*,#1006,.F.);
#1369=ORIENTED_EDGE('',*,*,#895,.T.);
#1370=ORIENTED_EDGE('',*,*,#941,.F.);
#1371=ORIENTED_EDGE('',*,*,#909,.F.);
#1372=ORIENTED_EDGE('',*,*,#897,.F.);
#1373=ORIENTED_EDGE('',*,*,#1007,.F.);
#1374=ORIENTED_EDGE('',*,*,#1008,.T.);
#1375=ORIENTED_EDGE('',*,*,#839,.T.);
#1376=ORIENTED_EDGE('',*,*,#830,.F.);
#1377=ORIENTED_EDGE('',*,*,#834,.T.);
#1378=ORIENTED_EDGE('',*,*,#835,.F.);
#1379=ORIENTED_EDGE('',*,*,#952,.T.);
#1380=ORIENTED_EDGE('',*,*,#826,.F.);
#1381=ORIENTED_EDGE('',*,*,#822,.F.);
#1382=ORIENTED_EDGE('',*,*,#818,.F.);
#1383=ORIENTED_EDGE('',*,*,#902,.F.);
#1384=ORIENTED_EDGE('',*,*,#910,.F.);
#1385=ORIENTED_EDGE('',*,*,#1008,.F.);
#1386=ORIENTED_EDGE('',*,*,#1009,.F.);
#1387=ORIENTED_EDGE('',*,*,#1005,.T.);
#1388=ORIENTED_EDGE('',*,*,#940,.F.);
#1389=ORIENTED_EDGE('',*,*,#1000,.T.);
#1390=ORIENTED_EDGE('',*,*,#1003,.T.);
#1391=ORIENTED_EDGE('',*,*,#877,.F.);
#1392=ORIENTED_EDGE('',*,*,#913,.F.);
#1393=ORIENTED_EDGE('',*,*,#933,.F.);
#1394=ORIENTED_EDGE('',*,*,#939,.F.);
#1395=ORIENTED_EDGE('',*,*,#936,.F.);
#1396=ORIENTED_EDGE('',*,*,#884,.F.);
#1397=ORIENTED_EDGE('',*,*,#991,.T.);
#1398=ORIENTED_EDGE('',*,*,#995,.T.);
#1399=ORIENTED_EDGE('',*,*,#1010,.F.);
#1400=ORIENTED_EDGE('',*,*,#1011,.T.);
#1401=ORIENTED_EDGE('',*,*,#867,.T.);
#1402=ORIENTED_EDGE('',*,*,#1011,.F.);
#1403=ORIENTED_EDGE('',*,*,#1012,.F.);
#1404=ORIENTED_EDGE('',*,*,#1013,.T.);
#1405=ORIENTED_EDGE('',*,*,#871,.T.);
#1406=ORIENTED_EDGE('',*,*,#1013,.F.);
#1407=ORIENTED_EDGE('',*,*,#1014,.F.);
#1408=ORIENTED_EDGE('',*,*,#1015,.T.);
#1409=ORIENTED_EDGE('',*,*,#851,.T.);
#1410=ORIENTED_EDGE('',*,*,#1015,.F.);
#1411=ORIENTED_EDGE('',*,*,#1016,.F.);
#1412=ORIENTED_EDGE('',*,*,#1017,.T.);
#1413=ORIENTED_EDGE('',*,*,#855,.T.);
#1414=ORIENTED_EDGE('',*,*,#1017,.F.);
#1415=ORIENTED_EDGE('',*,*,#1018,.F.);
#1416=ORIENTED_EDGE('',*,*,#1019,.T.);
#1417=ORIENTED_EDGE('',*,*,#847,.T.);
#1418=ORIENTED_EDGE('',*,*,#1019,.F.);
#1419=ORIENTED_EDGE('',*,*,#1020,.F.);
#1420=ORIENTED_EDGE('',*,*,#1021,.T.);
#1421=ORIENTED_EDGE('',*,*,#859,.T.);
#1422=ORIENTED_EDGE('',*,*,#1021,.F.);
#1423=ORIENTED_EDGE('',*,*,#1022,.F.);
#1424=ORIENTED_EDGE('',*,*,#1023,.T.);
#1425=ORIENTED_EDGE('',*,*,#863,.T.);
#1426=ORIENTED_EDGE('',*,*,#1023,.F.);
#1427=ORIENTED_EDGE('',*,*,#1024,.F.);
#1428=ORIENTED_EDGE('',*,*,#1025,.T.);
#1429=ORIENTED_EDGE('',*,*,#875,.T.);
#1430=ORIENTED_EDGE('',*,*,#1025,.F.);
#1431=ORIENTED_EDGE('',*,*,#1026,.F.);
#1432=ORIENTED_EDGE('',*,*,#1027,.T.);
#1433=ORIENTED_EDGE('',*,*,#843,.T.);
#1434=ORIENTED_EDGE('',*,*,#1027,.F.);
#1435=ORIENTED_EDGE('',*,*,#1006,.T.);
#1436=ORIENTED_EDGE('',*,*,#1009,.T.);
#1437=ORIENTED_EDGE('',*,*,#1007,.T.);
#1438=ORIENTED_EDGE('',*,*,#896,.T.);
#1439=ORIENTED_EDGE('',*,*,#1026,.T.);
#1440=ORIENTED_EDGE('',*,*,#1024,.T.);
#1441=ORIENTED_EDGE('',*,*,#1022,.T.);
#1442=ORIENTED_EDGE('',*,*,#1020,.T.);
#1443=ORIENTED_EDGE('',*,*,#1018,.T.);
#1444=ORIENTED_EDGE('',*,*,#1016,.T.);
#1445=ORIENTED_EDGE('',*,*,#1014,.T.);
#1446=ORIENTED_EDGE('',*,*,#1012,.T.);
#1447=ORIENTED_EDGE('',*,*,#1010,.T.);
#1448=CYLINDRICAL_SURFACE('',#1589,2.);
#1449=CYLINDRICAL_SURFACE('',#1593,2.);
#1450=CYLINDRICAL_SURFACE('',#1596,2.);
#1451=CYLINDRICAL_SURFACE('',#1600,2.);
#1452=CYLINDRICAL_SURFACE('',#1604,3.375);
#1453=CYLINDRICAL_SURFACE('',#1609,3.375);
#1454=CYLINDRICAL_SURFACE('',#1614,3.37499999999999);
#1455=CYLINDRICAL_SURFACE('',#1619,3.375);
#1456=CYLINDRICAL_SURFACE('',#1624,3.375);
#1457=CYLINDRICAL_SURFACE('',#1629,3.37499999999999);
#1458=CYLINDRICAL_SURFACE('',#1634,3.375);
#1459=CYLINDRICAL_SURFACE('',#1639,3.375);
#1460=CYLINDRICAL_SURFACE('',#1644,3.37499999999999);
#1461=CYLINDRICAL_SURFACE('',#1649,2.);
#1462=CYLINDRICAL_SURFACE('',#1657,2.);
#1463=CYLINDRICAL_SURFACE('',#1663,2.);
#1464=CYLINDRICAL_SURFACE('',#1671,2.);
#1465=CYLINDRICAL_SURFACE('',#1673,2.);
#1466=CYLINDRICAL_SURFACE('',#1679,2.);
#1467=CYLINDRICAL_SURFACE('',#1683,2.);
#1468=CYLINDRICAL_SURFACE('',#1685,2.);
#1469=CYLINDRICAL_SURFACE('',#1707,4.00000000000002);
#1470=CYLINDRICAL_SURFACE('',#1711,3.99999999999999);
#1471=CYLINDRICAL_SURFACE('',#1715,3.99999999999999);
#1472=CYLINDRICAL_SURFACE('',#1720,4.00000000000002);
#1473=CYLINDRICAL_SURFACE('',#1725,2.25);
#1474=CYLINDRICAL_SURFACE('',#1726,2.25);
#1475=CYLINDRICAL_SURFACE('',#1728,2.25000000000001);
#1476=CYLINDRICAL_SURFACE('',#1729,2.25000000000001);
#1477=CYLINDRICAL_SURFACE('',#1735,5.74999999999999);
#1478=CYLINDRICAL_SURFACE('',#1737,5.74999999999999);
#1479=CYLINDRICAL_SURFACE('',#1739,5.74999999999999);
#1480=CYLINDRICAL_SURFACE('',#1741,5.74999999999999);
#1481=CYLINDRICAL_SURFACE('',#1743,5.74999999999999);
#1482=CYLINDRICAL_SURFACE('',#1745,5.74999999999999);
#1483=CYLINDRICAL_SURFACE('',#1747,5.74999999999999);
#1484=CYLINDRICAL_SURFACE('',#1749,5.74999999999999);
#1485=CYLINDRICAL_SURFACE('',#1751,5.74999999999999);
#1486=ADVANCED_FACE('',(#111),#1448,.F.);
#1487=ADVANCED_FACE('',(#112),#60,.T.);
#1488=ADVANCED_FACE('',(#113),#1449,.F.);
#1489=ADVANCED_FACE('',(#114),#1450,.F.);
#1490=ADVANCED_FACE('',(#115),#61,.F.);
#1491=ADVANCED_FACE('',(#116),#1451,.F.);
#1492=ADVANCED_FACE('',(#117),#62,.F.);
#1493=ADVANCED_FACE('',(#118),#1452,.F.);
#1494=ADVANCED_FACE('',(#119,#15),#63,.T.);
#1495=ADVANCED_FACE('',(#120),#1453,.F.);
#1496=ADVANCED_FACE('',(#121,#16),#64,.T.);
#1497=ADVANCED_FACE('',(#122),#1454,.F.);
#1498=ADVANCED_FACE('',(#123,#17),#65,.T.);
#1499=ADVANCED_FACE('',(#124),#1455,.F.);
#1500=ADVANCED_FACE('',(#125,#18),#66,.T.);
#1501=ADVANCED_FACE('',(#126),#1456,.F.);
#1502=ADVANCED_FACE('',(#127,#19),#67,.T.);
#1503=ADVANCED_FACE('',(#128),#1457,.F.);
#1504=ADVANCED_FACE('',(#129,#20),#68,.T.);
#1505=ADVANCED_FACE('',(#130),#1458,.F.);
#1506=ADVANCED_FACE('',(#131,#21),#69,.T.);
#1507=ADVANCED_FACE('',(#132),#1459,.F.);
#1508=ADVANCED_FACE('',(#133,#22),#70,.T.);
#1509=ADVANCED_FACE('',(#134),#1460,.F.);
#1510=ADVANCED_FACE('',(#135,#23),#71,.T.);
#1511=ADVANCED_FACE('',(#136),#1461,.T.);
#1512=ADVANCED_FACE('',(#137,#24),#72,.T.);
#1513=ADVANCED_FACE('',(#138,#25,#26,#27,#28,#29,#30,#31,#32,#33),#73,.F.);
#1514=ADVANCED_FACE('',(#139),#1462,.T.);
#1515=ADVANCED_FACE('',(#140,#34,#35),#74,.T.);
#1516=ADVANCED_FACE('',(#141),#1463,.T.);
#1517=ADVANCED_FACE('',(#142,#36,#37,#38,#39),#75,.T.);
#1518=ADVANCED_FACE('',(#143),#76,.T.);
#1519=ADVANCED_FACE('',(#144),#1464,.T.);
#1520=ADVANCED_FACE('',(#145),#1465,.T.);
#1521=ADVANCED_FACE('',(#146),#77,.T.);
#1522=ADVANCED_FACE('',(#147),#78,.T.);
#1523=ADVANCED_FACE('',(#148),#1466,.T.);
#1524=ADVANCED_FACE('',(#149,#40,#41),#79,.T.);
#1525=ADVANCED_FACE('',(#150),#1467,.T.);
#1526=ADVANCED_FACE('',(#151),#80,.T.);
#1527=ADVANCED_FACE('',(#152),#1468,.T.);
#1528=ADVANCED_FACE('',(#153),#81,.F.);
#1529=ADVANCED_FACE('',(#154),#82,.T.);
#1530=ADVANCED_FACE('',(#155),#83,.T.);
#1531=ADVANCED_FACE('',(#156),#84,.T.);
#1532=ADVANCED_FACE('',(#157),#85,.T.);
#1533=ADVANCED_FACE('',(#158),#86,.T.);
#1534=ADVANCED_FACE('',(#159),#87,.T.);
#1535=ADVANCED_FACE('',(#160),#88,.T.);
#1536=ADVANCED_FACE('',(#161),#89,.T.);
#1537=ADVANCED_FACE('',(#162),#90,.T.);
#1538=ADVANCED_FACE('',(#163),#91,.T.);
#1539=ADVANCED_FACE('',(#164),#92,.T.);
#1540=ADVANCED_FACE('',(#165),#93,.T.);
#1541=ADVANCED_FACE('',(#166),#94,.T.);
#1542=ADVANCED_FACE('',(#167),#95,.T.);
#1543=ADVANCED_FACE('',(#168),#96,.T.);
#1544=ADVANCED_FACE('',(#169),#97,.T.);
#1545=ADVANCED_FACE('',(#170),#98,.T.);
#1546=ADVANCED_FACE('',(#171),#99,.T.);
#1547=ADVANCED_FACE('',(#172),#100,.T.);
#1548=ADVANCED_FACE('',(#173),#101,.T.);
#1549=ADVANCED_FACE('',(#174),#1469,.F.);
#1550=ADVANCED_FACE('',(#175,#42),#102,.T.);
#1551=ADVANCED_FACE('',(#176),#1470,.F.);
#1552=ADVANCED_FACE('',(#177,#43),#103,.T.);
#1553=ADVANCED_FACE('',(#178),#1471,.F.);
#1554=ADVANCED_FACE('',(#179,#44),#104,.T.);
#1555=ADVANCED_FACE('',(#180),#1472,.F.);
#1556=ADVANCED_FACE('',(#181,#45),#105,.T.);
#1557=ADVANCED_FACE('',(#182),#1473,.F.);
#1558=ADVANCED_FACE('',(#183),#1474,.F.);
#1559=ADVANCED_FACE('',(#184),#1475,.F.);
#1560=ADVANCED_FACE('',(#185),#1476,.F.);
#1561=ADVANCED_FACE('',(#186),#106,.T.);
#1562=ADVANCED_FACE('',(#187,#46),#107,.T.);
#1563=ADVANCED_FACE('',(#188,#47,#48),#108,.T.);
#1564=ADVANCED_FACE('',(#189,#49,#50),#109,.T.);
#1565=ADVANCED_FACE('',(#190),#1477,.F.);
#1566=ADVANCED_FACE('',(#191),#1478,.F.);
#1567=ADVANCED_FACE('',(#192),#1479,.F.);
#1568=ADVANCED_FACE('',(#193),#1480,.F.);
#1569=ADVANCED_FACE('',(#194),#1481,.F.);
#1570=ADVANCED_FACE('',(#195),#1482,.F.);
#1571=ADVANCED_FACE('',(#196),#1483,.F.);
#1572=ADVANCED_FACE('',(#197),#1484,.F.);
#1573=ADVANCED_FACE('',(#198),#1485,.F.);
#1574=ADVANCED_FACE('',(#199,#51,#52,#53,#54,#55,#56,#57,#58,#59),#110,
 .T.);
#1575=CLOSED_SHELL('',(#1486,#1487,#1488,#1489,#1490,#1491,#1492,#1493,
#1494,#1495,#1496,#1497,#1498,#1499,#1500,#1501,#1502,#1503,#1504,#1505,
#1506,#1507,#1508,#1509,#1510,#1511,#1512,#1513,#1514,#1515,#1516,#1517,
#1518,#1519,#1520,#1521,#1522,#1523,#1524,#1525,#1526,#1527,#1528,#1529,
#1530,#1531,#1532,#1533,#1534,#1535,#1536,#1537,#1538,#1539,#1540,#1541,
#1542,#1543,#1544,#1545,#1546,#1547,#1548,#1549,#1550,#1551,#1552,#1553,
#1554,#1555,#1556,#1557,#1558,#1559,#1560,#1561,#1562,#1563,#1564,#1565,
#1566,#1567,#1568,#1569,#1570,#1571,#1572,#1573,#1574));
#1576=DERIVED_UNIT_ELEMENT(#1578,1.);
#1577=DERIVED_UNIT_ELEMENT(#2665,-3.);
#1578=(
MASS_UNIT()
NAMED_UNIT(*)
SI_UNIT(.KILO.,.GRAM.)
);
#1579=DERIVED_UNIT((#1576,#1577));
#1580=MEASURE_REPRESENTATION_ITEM('density measure',
POSITIVE_RATIO_MEASURE(7850.),#1579);
#1581=PROPERTY_DEFINITION_REPRESENTATION(#1586,#1583);
#1582=PROPERTY_DEFINITION_REPRESENTATION(#1587,#1584);
#1583=REPRESENTATION('material name',(#1585),#2662);
#1584=REPRESENTATION('density',(#1580),#2662);
#1585=DESCRIPTIVE_REPRESENTATION_ITEM('Steel','Steel');
#1586=PROPERTY_DEFINITION('material property','material name',#2672);
#1587=PROPERTY_DEFINITION('material property','density of part',#2672);
#1588=AXIS2_PLACEMENT_3D('',#2220,#1754,#1755);
#1589=AXIS2_PLACEMENT_3D('',#2221,#1756,#1757);
#1590=AXIS2_PLACEMENT_3D('',#2224,#1758,#1759);
#1591=AXIS2_PLACEMENT_3D('',#2228,#1761,#1762);
#1592=AXIS2_PLACEMENT_3D('',#2230,#1764,#1765);
#1593=AXIS2_PLACEMENT_3D('',#2236,#1769,#1770);
#1594=AXIS2_PLACEMENT_3D('',#2238,#1771,#1772);
#1595=AXIS2_PLACEMENT_3D('',#2240,#1773,#1774);
#1596=AXIS2_PLACEMENT_3D('',#2242,#1776,#1777);
#1597=AXIS2_PLACEMENT_3D('',#2245,#1778,#1779);
#1598=AXIS2_PLACEMENT_3D('',#2249,#1781,#1782);
#1599=AXIS2_PLACEMENT_3D('',#2251,#1784,#1785);
#1600=AXIS2_PLACEMENT_3D('',#2257,#1789,#1790);
#1601=AXIS2_PLACEMENT_3D('',#2259,#1791,#1792);
#1602=AXIS2_PLACEMENT_3D('',#2261,#1793,#1794);
#1603=AXIS2_PLACEMENT_3D('',#2263,#1796,#1797);
#1604=AXIS2_PLACEMENT_3D('',#2266,#1800,#1801);
#1605=AXIS2_PLACEMENT_3D('',#2268,#1802,#1803);
#1606=AXIS2_PLACEMENT_3D('',#2271,#1805,#1806);
#1607=AXIS2_PLACEMENT_3D('',#2272,#1807,#1808);
#1608=AXIS2_PLACEMENT_3D('',#2274,#1809,#1810);
#1609=AXIS2_PLACEMENT_3D('',#2275,#1811,#1812);
#1610=AXIS2_PLACEMENT_3D('',#2277,#1813,#1814);
#1611=AXIS2_PLACEMENT_3D('',#2280,#1816,#1817);
#1612=AXIS2_PLACEMENT_3D('',#2281,#1818,#1819);
#1613=AXIS2_PLACEMENT_3D('',#2283,#1820,#1821);
#1614=AXIS2_PLACEMENT_3D('',#2284,#1822,#1823);
#1615=AXIS2_PLACEMENT_3D('',#2286,#1824,#1825);
#1616=AXIS2_PLACEMENT_3D('',#2289,#1827,#1828);
#1617=AXIS2_PLACEMENT_3D('',#2290,#1829,#1830);
#1618=AXIS2_PLACEMENT_3D('',#2292,#1831,#1832);
#1619=AXIS2_PLACEMENT_3D('',#2293,#1833,#1834);
#1620=AXIS2_PLACEMENT_3D('',#2295,#1835,#1836);
#1621=AXIS2_PLACEMENT_3D('',#2298,#1838,#1839);
#1622=AXIS2_PLACEMENT_3D('',#2299,#1840,#1841);
#1623=AXIS2_PLACEMENT_3D('',#2301,#1842,#1843);
#1624=AXIS2_PLACEMENT_3D('',#2302,#1844,#1845);
#1625=AXIS2_PLACEMENT_3D('',#2304,#1846,#1847);
#1626=AXIS2_PLACEMENT_3D('',#2307,#1849,#1850);
#1627=AXIS2_PLACEMENT_3D('',#2308,#1851,#1852);
#1628=AXIS2_PLACEMENT_3D('',#2310,#1853,#1854);
#1629=AXIS2_PLACEMENT_3D('',#2311,#1855,#1856);
#1630=AXIS2_PLACEMENT_3D('',#2313,#1857,#1858);
#1631=AXIS2_PLACEMENT_3D('',#2316,#1860,#1861);
#1632=AXIS2_PLACEMENT_3D('',#2317,#1862,#1863);
#1633=AXIS2_PLACEMENT_3D('',#2319,#1864,#1865);
#1634=AXIS2_PLACEMENT_3D('',#2320,#1866,#1867);
#1635=AXIS2_PLACEMENT_3D('',#2322,#1868,#1869);
#1636=AXIS2_PLACEMENT_3D('',#2325,#1871,#1872);
#1637=AXIS2_PLACEMENT_3D('',#2326,#1873,#1874);
#1638=AXIS2_PLACEMENT_3D('',#2328,#1875,#1876);
#1639=AXIS2_PLACEMENT_3D('',#2329,#1877,#1878);
#1640=AXIS2_PLACEMENT_3D('',#2331,#1879,#1880);
#1641=AXIS2_PLACEMENT_3D('',#2334,#1882,#1883);
#1642=AXIS2_PLACEMENT_3D('',#2335,#1884,#1885);
#1643=AXIS2_PLACEMENT_3D('',#2337,#1886,#1887);
#1644=AXIS2_PLACEMENT_3D('',#2338,#1888,#1889);
#1645=AXIS2_PLACEMENT_3D('',#2340,#1890,#1891);
#1646=AXIS2_PLACEMENT_3D('',#2343,#1893,#1894);
#1647=AXIS2_PLACEMENT_3D('',#2344,#1895,#1896);
#1648=AXIS2_PLACEMENT_3D('',#2346,#1897,#1898);
#1649=AXIS2_PLACEMENT_3D('',#2347,#1899,#1900);
#1650=AXIS2_PLACEMENT_3D('',#2350,#1901,#1902);
#1651=AXIS2_PLACEMENT_3D('',#2354,#1904,#1905);
#1652=AXIS2_PLACEMENT_3D('',#2356,#1907,#1908);
#1653=AXIS2_PLACEMENT_3D('',#2363,#1913,#1914);
#1654=AXIS2_PLACEMENT_3D('',#2367,#1916,#1917);
#1655=AXIS2_PLACEMENT_3D('',#2371,#1919,#1920);
#1656=AXIS2_PLACEMENT_3D('',#2374,#1922,#1923);
#1657=AXIS2_PLACEMENT_3D('',#2375,#1924,#1925);
#1658=AXIS2_PLACEMENT_3D('',#2378,#1926,#1927);
#1659=AXIS2_PLACEMENT_3D('',#2382,#1929,#1930);
#1660=AXIS2_PLACEMENT_3D('',#2384,#1932,#1933);
#1661=AXIS2_PLACEMENT_3D('',#2395,#1939,#1940);
#1662=AXIS2_PLACEMENT_3D('',#2397,#1941,#1942);
#1663=AXIS2_PLACEMENT_3D('',#2398,#1943,#1944);
#1664=AXIS2_PLACEMENT_3D('',#2401,#1945,#1946);
#1665=AXIS2_PLACEMENT_3D('',#2405,#1948,#1949);
#1666=AXIS2_PLACEMENT_3D('',#2407,#1951,#1952);
#1667=AXIS2_PLACEMENT_3D('',#2409,#1953,#1954);
#1668=AXIS2_PLACEMENT_3D('',#2413,#1956,#1957);
#1669=AXIS2_PLACEMENT_3D('',#2421,#1962,#1963);
#1670=AXIS2_PLACEMENT_3D('',#2455,#1981,#1982);
#1671=AXIS2_PLACEMENT_3D('',#2459,#1985,#1986);
#1672=AXIS2_PLACEMENT_3D('',#2461,#1987,#1988);
#1673=AXIS2_PLACEMENT_3D('',#2463,#1990,#1991);
#1674=AXIS2_PLACEMENT_3D('',#2466,#1992,#1993);
#1675=AXIS2_PLACEMENT_3D('',#2469,#1996,#1997);
#1676=AXIS2_PLACEMENT_3D('',#2473,#2000,#2001);
#1677=AXIS2_PLACEMENT_3D('',#2481,#2006,#2007);
#1678=AXIS2_PLACEMENT_3D('',#2484,#2009,#2010);
#1679=AXIS2_PLACEMENT_3D('',#2485,#2011,#2012);
#1680=AXIS2_PLACEMENT_3D('',#2487,#2014,#2015);
#1681=AXIS2_PLACEMENT_3D('',#2491,#2018,#2019);
#1682=AXIS2_PLACEMENT_3D('',#2493,#2020,#2021);
#1683=AXIS2_PLACEMENT_3D('',#2494,#2022,#2023);
#1684=AXIS2_PLACEMENT_3D('',#2496,#2025,#2026);
#1685=AXIS2_PLACEMENT_3D('',#2497,#2027,#2028);
#1686=AXIS2_PLACEMENT_3D('',#2498,#2029,#2030);
#1687=AXIS2_PLACEMENT_3D('',#2500,#2032,#2033);
#1688=AXIS2_PLACEMENT_3D('',#2506,#2037,#2038);
#1689=AXIS2_PLACEMENT_3D('',#2510,#2041,#2042);
#1690=AXIS2_PLACEMENT_3D('',#2514,#2045,#2046);
#1691=AXIS2_PLACEMENT_3D('',#2516,#2048,#2049);
#1692=AXIS2_PLACEMENT_3D('',#2517,#2050,#2051);
#1693=AXIS2_PLACEMENT_3D('',#2523,#2055,#2056);
#1694=AXIS2_PLACEMENT_3D('',#2527,#2059,#2060);
#1695=AXIS2_PLACEMENT_3D('',#2531,#2063,#2064);
#1696=AXIS2_PLACEMENT_3D('',#2533,#2066,#2067);
#1697=AXIS2_PLACEMENT_3D('',#2534,#2068,#2069);
#1698=AXIS2_PLACEMENT_3D('',#2540,#2073,#2074);
#1699=AXIS2_PLACEMENT_3D('',#2544,#2077,#2078);
#1700=AXIS2_PLACEMENT_3D('',#2548,#2081,#2082);
#1701=AXIS2_PLACEMENT_3D('',#2550,#2084,#2085);
#1702=AXIS2_PLACEMENT_3D('',#2551,#2086,#2087);
#1703=AXIS2_PLACEMENT_3D('',#2557,#2091,#2092);
#1704=AXIS2_PLACEMENT_3D('',#2561,#2095,#2096);
#1705=AXIS2_PLACEMENT_3D('',#2565,#2099,#2100);
#1706=AXIS2_PLACEMENT_3D('',#2567,#2102,#2103);
#1707=AXIS2_PLACEMENT_3D('',#2568,#2104,#2105);
#1708=AXIS2_PLACEMENT_3D('',#2571,#2107,#2108);
#1709=AXIS2_PLACEMENT_3D('',#2572,#2109,#2110);
#1710=AXIS2_PLACEMENT_3D('',#2574,#2111,#2112);
#1711=AXIS2_PLACEMENT_3D('',#2575,#2113,#2114);
#1712=AXIS2_PLACEMENT_3D('',#2578,#2116,#2117);
#1713=AXIS2_PLACEMENT_3D('',#2579,#2118,#2119);
#1714=AXIS2_PLACEMENT_3D('',#2581,#2120,#2121);
#1715=AXIS2_PLACEMENT_3D('',#2582,#2122,#2123);
#1716=AXIS2_PLACEMENT_3D('',#2584,#2124,#2125);
#1717=AXIS2_PLACEMENT_3D('',#2587,#2127,#2128);
#1718=AXIS2_PLACEMENT_3D('',#2588,#2129,#2130);
#1719=AXIS2_PLACEMENT_3D('',#2590,#2131,#2132);
#1720=AXIS2_PLACEMENT_3D('',#2591,#2133,#2134);
#1721=AXIS2_PLACEMENT_3D('',#2593,#2135,#2136);
#1722=AXIS2_PLACEMENT_3D('',#2596,#2138,#2139);
#1723=AXIS2_PLACEMENT_3D('',#2597,#2140,#2141);
#1724=AXIS2_PLACEMENT_3D('',#2599,#2142,#2143);
#1725=AXIS2_PLACEMENT_3D('',#2600,#2144,#2145);
#1726=AXIS2_PLACEMENT_3D('',#2602,#2147,#2148);
#1727=AXIS2_PLACEMENT_3D('',#2604,#2149,#2150);
#1728=AXIS2_PLACEMENT_3D('',#2606,#2152,#2153);
#1729=AXIS2_PLACEMENT_3D('',#2608,#2155,#2156);
#1730=AXIS2_PLACEMENT_3D('',#2610,#2157,#2158);
#1731=AXIS2_PLACEMENT_3D('',#2612,#2160,#2161);
#1732=AXIS2_PLACEMENT_3D('',#2616,#2164,#2165);
#1733=AXIS2_PLACEMENT_3D('',#2620,#2168,#2169);
#1734=AXIS2_PLACEMENT_3D('',#2622,#2171,#2172);
#1735=AXIS2_PLACEMENT_3D('',#2623,#2173,#2174);
#1736=AXIS2_PLACEMENT_3D('',#2625,#2175,#2176);
#1737=AXIS2_PLACEMENT_3D('',#2627,#2178,#2179);
#1738=AXIS2_PLACEMENT_3D('',#2629,#2180,#2181);
#1739=AXIS2_PLACEMENT_3D('',#2631,#2183,#2184);
#1740=AXIS2_PLACEMENT_3D('',#2633,#2185,#2186);
#1741=AXIS2_PLACEMENT_3D('',#2635,#2188,#2189);
#1742=AXIS2_PLACEMENT_3D('',#2637,#2190,#2191);
#1743=AXIS2_PLACEMENT_3D('',#2639,#2193,#2194);
#1744=AXIS2_PLACEMENT_3D('',#2641,#2195,#2196);
#1745=AXIS2_PLACEMENT_3D('',#2643,#2198,#2199);
#1746=AXIS2_PLACEMENT_3D('',#2645,#2200,#2201);
#1747=AXIS2_PLACEMENT_3D('',#2647,#2203,#2204);
#1748=AXIS2_PLACEMENT_3D('',#2649,#2205,#2206);
#1749=AXIS2_PLACEMENT_3D('',#2651,#2208,#2209);
#1750=AXIS2_PLACEMENT_3D('',#2653,#2210,#2211);
#1751=AXIS2_PLACEMENT_3D('',#2655,#2213,#2214);
#1752=AXIS2_PLACEMENT_3D('',#2657,#2215,#2216);
#1753=AXIS2_PLACEMENT_3D('',#2659,#2218,#2219);
#1754=DIRECTION('axis',(0.,0.,1.));
#1755=DIRECTION('refdir',(1.,0.,0.));
#1756=DIRECTION('center_axis',(-1.,0.,0.));
#1757=DIRECTION('ref_axis',(0.,0.707106781186551,0.707106781186544));
#1758=DIRECTION('center_axis',(1.,-1.14980892202223E-34,0.));
#1759=DIRECTION('ref_axis',(0.,0.707106781186551,0.707106781186544));
#1760=DIRECTION('',(-1.,0.,0.));
#1761=DIRECTION('center_axis',(-1.,0.,0.));
#1762=DIRECTION('ref_axis',(0.,0.707106781186551,0.707106781186544));
#1763=DIRECTION('',(1.,0.,0.));
#1764=DIRECTION('center_axis',(0.,0.,-1.));
#1765=DIRECTION('ref_axis',(-1.,0.,0.));
#1766=DIRECTION('',(0.,-1.,0.));
#1767=DIRECTION('',(1.,0.,0.));
#1768=DIRECTION('',(0.,1.,0.));
#1769=DIRECTION('center_axis',(1.,0.,0.));
#1770=DIRECTION('ref_axis',(0.,-0.707106781186546,0.707106781186549));
#1771=DIRECTION('center_axis',(-1.,0.,0.));
#1772=DIRECTION('ref_axis',(0.,-0.707106781186546,0.707106781186549));
#1773=DIRECTION('center_axis',(1.,-1.14980892202223E-34,0.));
#1774=DIRECTION('ref_axis',(0.,-0.707106781186546,0.707106781186549));
#1775=DIRECTION('',(-1.,0.,0.));
#1776=DIRECTION('center_axis',(1.,0.,0.));
#1777=DIRECTION('ref_axis',(0.,0.707106781186552,-0.707106781186543));
#1778=DIRECTION('center_axis',(-1.,0.,0.));
#1779=DIRECTION('ref_axis',(0.,0.707106781186552,-0.707106781186543));
#1780=DIRECTION('',(1.,0.,0.));
#1781=DIRECTION('center_axis',(1.,-1.14980892202223E-34,0.));
#1782=DIRECTION('ref_axis',(0.,0.707106781186552,-0.707106781186543));
#1783=DIRECTION('',(-1.,0.,0.));
#1784=DIRECTION('center_axis',(0.,0.,-1.));
#1785=DIRECTION('ref_axis',(-1.,0.,0.));
#1786=DIRECTION('',(0.,1.,0.));
#1787=DIRECTION('',(-1.,0.,0.));
#1788=DIRECTION('',(-1.14980892202223E-34,-1.,0.));
#1789=DIRECTION('center_axis',(-1.,0.,0.));
#1790=DIRECTION('ref_axis',(0.,-0.707106781186548,-0.707106781186548));
#1791=DIRECTION('center_axis',(1.,-1.14980892202223E-34,0.));
#1792=DIRECTION('ref_axis',(0.,-0.707106781186548,-0.707106781186548));
#1793=DIRECTION('center_axis',(-1.,0.,0.));
#1794=DIRECTION('ref_axis',(0.,-0.707106781186548,-0.707106781186548));
#1795=DIRECTION('',(1.,0.,0.));
#1796=DIRECTION('center_axis',(0.,1.,0.));
#1797=DIRECTION('ref_axis',(1.,0.,0.));
#1798=DIRECTION('',(0.,0.,1.));
#1799=DIRECTION('',(0.,0.,-1.));
#1800=DIRECTION('center_axis',(0.,0.,1.));
#1801=DIRECTION('ref_axis',(1.,0.,0.));
#1802=DIRECTION('center_axis',(0.,0.,-1.));
#1803=DIRECTION('ref_axis',(1.,0.,0.));
#1804=DIRECTION('',(0.,0.,-1.));
#1805=DIRECTION('center_axis',(0.,0.,-1.));
#1806=DIRECTION('ref_axis',(1.,0.,0.));
#1807=DIRECTION('center_axis',(0.,0.,1.));
#1808=DIRECTION('ref_axis',(1.,0.,0.));
#1809=DIRECTION('center_axis',(0.,0.,-1.));
#1810=DIRECTION('ref_axis',(1.,0.,0.));
#1811=DIRECTION('center_axis',(0.,0.,1.));
#1812=DIRECTION('ref_axis',(1.,0.,0.));
#1813=DIRECTION('center_axis',(0.,0.,-1.));
#1814=DIRECTION('ref_axis',(1.,0.,0.));
#1815=DIRECTION('',(0.,0.,-1.));
#1816=DIRECTION('center_axis',(0.,0.,-1.));
#1817=DIRECTION('ref_axis',(1.,0.,0.));
#1818=DIRECTION('center_axis',(0.,0.,1.));
#1819=DIRECTION('ref_axis',(1.,0.,0.));
#1820=DIRECTION('center_axis',(0.,0.,-1.));
#1821=DIRECTION('ref_axis',(1.,0.,0.));
#1822=DIRECTION('center_axis',(0.,0.,1.));
#1823=DIRECTION('ref_axis',(1.,0.,0.));
#1824=DIRECTION('center_axis',(0.,0.,-1.));
#1825=DIRECTION('ref_axis',(1.,0.,0.));
#1826=DIRECTION('',(0.,0.,-1.));
#1827=DIRECTION('center_axis',(0.,0.,-1.));
#1828=DIRECTION('ref_axis',(1.,0.,0.));
#1829=DIRECTION('center_axis',(0.,0.,1.));
#1830=DIRECTION('ref_axis',(1.,0.,0.));
#1831=DIRECTION('center_axis',(0.,0.,-1.));
#1832=DIRECTION('ref_axis',(1.,0.,0.));
#1833=DIRECTION('center_axis',(0.,0.,1.));
#1834=DIRECTION('ref_axis',(1.,0.,0.));
#1835=DIRECTION('center_axis',(0.,0.,-1.));
#1836=DIRECTION('ref_axis',(1.,0.,0.));
#1837=DIRECTION('',(0.,0.,-1.));
#1838=DIRECTION('center_axis',(0.,0.,-1.));
#1839=DIRECTION('ref_axis',(1.,0.,0.));
#1840=DIRECTION('center_axis',(0.,0.,1.));
#1841=DIRECTION('ref_axis',(1.,0.,0.));
#1842=DIRECTION('center_axis',(0.,0.,-1.));
#1843=DIRECTION('ref_axis',(1.,0.,0.));
#1844=DIRECTION('center_axis',(0.,0.,1.));
#1845=DIRECTION('ref_axis',(1.,0.,0.));
#1846=DIRECTION('center_axis',(0.,0.,-1.));
#1847=DIRECTION('ref_axis',(1.,0.,0.));
#1848=DIRECTION('',(0.,0.,-1.));
#1849=DIRECTION('center_axis',(0.,0.,-1.));
#1850=DIRECTION('ref_axis',(1.,0.,0.));
#1851=DIRECTION('center_axis',(0.,0.,1.));
#1852=DIRECTION('ref_axis',(1.,0.,0.));
#1853=DIRECTION('center_axis',(0.,0.,-1.));
#1854=DIRECTION('ref_axis',(1.,0.,0.));
#1855=DIRECTION('center_axis',(0.,0.,1.));
#1856=DIRECTION('ref_axis',(1.,0.,0.));
#1857=DIRECTION('center_axis',(0.,0.,-1.));
#1858=DIRECTION('ref_axis',(1.,0.,0.));
#1859=DIRECTION('',(0.,0.,-1.));
#1860=DIRECTION('center_axis',(0.,0.,-1.));
#1861=DIRECTION('ref_axis',(1.,0.,0.));
#1862=DIRECTION('center_axis',(0.,0.,1.));
#1863=DIRECTION('ref_axis',(1.,0.,0.));
#1864=DIRECTION('center_axis',(0.,0.,-1.));
#1865=DIRECTION('ref_axis',(1.,0.,0.));
#1866=DIRECTION('center_axis',(0.,0.,1.));
#1867=DIRECTION('ref_axis',(1.,0.,0.));
#1868=DIRECTION('center_axis',(0.,0.,-1.));
#1869=DIRECTION('ref_axis',(1.,0.,0.));
#1870=DIRECTION('',(0.,0.,-1.));
#1871=DIRECTION('center_axis',(0.,0.,-1.));
#1872=DIRECTION('ref_axis',(1.,0.,0.));
#1873=DIRECTION('center_axis',(0.,0.,1.));
#1874=DIRECTION('ref_axis',(1.,0.,0.));
#1875=DIRECTION('center_axis',(0.,0.,-1.));
#1876=DIRECTION('ref_axis',(1.,0.,0.));
#1877=DIRECTION('center_axis',(0.,0.,1.));
#1878=DIRECTION('ref_axis',(1.,0.,0.));
#1879=DIRECTION('center_axis',(0.,0.,-1.));
#1880=DIRECTION('ref_axis',(1.,0.,0.));
#1881=DIRECTION('',(0.,0.,-1.));
#1882=DIRECTION('center_axis',(0.,0.,-1.));
#1883=DIRECTION('ref_axis',(1.,0.,0.));
#1884=DIRECTION('center_axis',(0.,0.,1.));
#1885=DIRECTION('ref_axis',(1.,0.,0.));
#1886=DIRECTION('center_axis',(0.,0.,-1.));
#1887=DIRECTION('ref_axis',(1.,0.,0.));
#1888=DIRECTION('center_axis',(0.,0.,1.));
#1889=DIRECTION('ref_axis',(1.,0.,0.));
#1890=DIRECTION('center_axis',(0.,0.,-1.));
#1891=DIRECTION('ref_axis',(1.,0.,0.));
#1892=DIRECTION('',(0.,0.,-1.));
#1893=DIRECTION('center_axis',(0.,0.,-1.));
#1894=DIRECTION('ref_axis',(1.,0.,0.));
#1895=DIRECTION('center_axis',(0.,0.,1.));
#1896=DIRECTION('ref_axis',(1.,0.,0.));
#1897=DIRECTION('center_axis',(0.,0.,-1.));
#1898=DIRECTION('ref_axis',(1.,0.,0.));
#1899=DIRECTION('center_axis',(0.,0.,1.));
#1900=DIRECTION('ref_axis',(-0.707106781186543,0.707106781186552,0.));
#1901=DIRECTION('center_axis',(0.,0.,-1.));
#1902=DIRECTION('ref_axis',(-0.707106781186543,0.707106781186552,0.));
#1903=DIRECTION('',(0.,0.,-1.));
#1904=DIRECTION('center_axis',(0.,0.,1.));
#1905=DIRECTION('ref_axis',(-0.707106781186543,0.707106781186552,0.));
#1906=DIRECTION('',(0.,0.,1.));
#1907=DIRECTION('center_axis',(-1.,0.,0.));
#1908=DIRECTION('ref_axis',(0.,-1.,0.));
#1909=DIRECTION('',(0.,-1.,0.));
#1910=DIRECTION('',(0.,1.,0.));
#1911=DIRECTION('',(0.,0.,-1.));
#1912=DIRECTION('',(0.,0.,-1.));
#1913=DIRECTION('center_axis',(0.,0.,1.));
#1914=DIRECTION('ref_axis',(1.,0.,0.));
#1915=DIRECTION('',(1.,0.,0.));
#1916=DIRECTION('center_axis',(0.,0.,1.));
#1917=DIRECTION('ref_axis',(0.707106781186585,0.70710678118651,0.));
#1918=DIRECTION('',(-1.01458892966677E-13,-1.,0.));
#1919=DIRECTION('center_axis',(0.,0.,1.));
#1920=DIRECTION('ref_axis',(0.707106781186517,-0.707106781186578,0.));
#1921=DIRECTION('',(-1.,-1.65044130124169E-14,0.));
#1922=DIRECTION('center_axis',(0.,0.,1.));
#1923=DIRECTION('ref_axis',(-0.70710678118654,-0.707106781186555,0.));
#1924=DIRECTION('center_axis',(0.,0.,1.));
#1925=DIRECTION('ref_axis',(0.707106781186553,0.707106781186543,0.));
#1926=DIRECTION('center_axis',(0.,0.,-1.));
#1927=DIRECTION('ref_axis',(0.707106781186553,0.707106781186543,0.));
#1928=DIRECTION('',(0.,0.,-1.));
#1929=DIRECTION('center_axis',(0.,0.,-1.));
#1930=DIRECTION('ref_axis',(0.707106781186553,0.707106781186543,0.));
#1931=DIRECTION('',(0.,0.,1.));
#1932=DIRECTION('center_axis',(-5.81099552185804E-34,1.,0.));
#1933=DIRECTION('ref_axis',(-1.,-5.81099552185804E-34,0.));
#1934=DIRECTION('',(-1.,-5.81099552185804E-34,0.));
#1935=DIRECTION('',(0.,0.,1.));
#1936=DIRECTION('',(1.,5.81099552185804E-34,0.));
#1937=DIRECTION('',(0.,0.,1.));
#1938=DIRECTION('',(-1.,-5.81099552185804E-34,0.));
#1939=DIRECTION('center_axis',(5.81099552185804E-34,-1.,0.));
#1940=DIRECTION('ref_axis',(1.,2.34704161585915E-14,0.));
#1941=DIRECTION('center_axis',(5.81099552185804E-34,-1.,0.));
#1942=DIRECTION('ref_axis',(1.,2.34302270898268E-14,0.));
#1943=DIRECTION('center_axis',(0.,0.,1.));
#1944=DIRECTION('ref_axis',(0.707106781186535,-0.70710678118656,0.));
#1945=DIRECTION('center_axis',(0.,0.,-1.));
#1946=DIRECTION('ref_axis',(0.707106781186535,-0.70710678118656,0.));
#1947=DIRECTION('',(0.,0.,-1.));
#1948=DIRECTION('center_axis',(0.,0.,-1.));
#1949=DIRECTION('ref_axis',(0.707106781186535,-0.70710678118656,0.));
#1950=DIRECTION('',(0.,0.,1.));
#1951=DIRECTION('center_axis',(0.,0.,1.));
#1952=DIRECTION('ref_axis',(1.,0.,0.));
#1953=DIRECTION('center_axis',(0.,0.,-1.));
#1954=DIRECTION('ref_axis',(-0.70710678118654,-0.707106781186555,0.));
#1955=DIRECTION('',(1.,1.65044130124169E-14,0.));
#1956=DIRECTION('center_axis',(0.,0.,-1.));
#1957=DIRECTION('ref_axis',(0.707106781186553,-0.707106781186542,0.));
#1958=DIRECTION('',(0.,1.,0.));
#1959=DIRECTION('',(1.14980892202223E-34,1.,0.));
#1960=DIRECTION('',(1.,0.,0.));
#1961=DIRECTION('',(0.,1.,0.));
#1962=DIRECTION('center_axis',(0.,0.,-1.));
#1963=DIRECTION('ref_axis',(0.707106781186548,0.707106781186548,0.));
#1964=DIRECTION('',(-1.,0.,0.));
#1965=DIRECTION('',(0.,-1.,0.));
#1966=DIRECTION('',(-1.,-2.96059473233375E-16,0.));
#1967=DIRECTION('',(0.,1.,0.));
#1968=DIRECTION('',(1.,0.,0.));
#1969=DIRECTION('',(0.,-1.,0.));
#1970=DIRECTION('',(-1.,5.92118946466745E-16,0.));
#1971=DIRECTION('',(9.47390314346801E-15,1.,0.));
#1972=DIRECTION('',(1.,6.36527867451756E-15,0.));
#1973=DIRECTION('',(0.,-1.,0.));
#1974=DIRECTION('',(-1.,1.8947806286936E-14,0.));
#1975=DIRECTION('',(2.96059473233375E-16,1.,0.));
#1976=DIRECTION('',(1.,9.47390314346801E-15,0.));
#1977=DIRECTION('',(0.,-1.,0.));
#1978=DIRECTION('',(-1.,1.8947806286936E-14,0.));
#1979=DIRECTION('',(0.,1.,0.));
#1980=DIRECTION('',(1.,9.473903143468E-15,0.));
#1981=DIRECTION('center_axis',(1.,0.,0.));
#1982=DIRECTION('ref_axis',(0.,1.,0.));
#1983=DIRECTION('',(0.,1.,0.));
#1984=DIRECTION('',(0.,0.,-1.));
#1985=DIRECTION('center_axis',(0.,0.,1.));
#1986=DIRECTION('ref_axis',(0.707106781186548,0.707106781186548,0.));
#1987=DIRECTION('center_axis',(0.,0.,-1.));
#1988=DIRECTION('ref_axis',(0.707106781186548,0.707106781186548,0.));
#1989=DIRECTION('',(0.,0.,1.));
#1990=DIRECTION('center_axis',(0.,0.,1.));
#1991=DIRECTION('ref_axis',(0.707106781186585,0.70710678118651,0.));
#1992=DIRECTION('center_axis',(0.,0.,-1.));
#1993=DIRECTION('ref_axis',(0.707106781186585,0.70710678118651,0.));
#1994=DIRECTION('',(0.,0.,-1.));
#1995=DIRECTION('',(0.,0.,1.));
#1996=DIRECTION('center_axis',(1.,-1.01458892966677E-13,0.));
#1997=DIRECTION('ref_axis',(1.01458892966677E-13,1.,0.));
#1998=DIRECTION('',(1.01458892966677E-13,1.,0.));
#1999=DIRECTION('',(0.,0.,1.));
#2000=DIRECTION('center_axis',(0.,0.,1.));
#2001=DIRECTION('ref_axis',(1.,0.,0.));
#2002=DIRECTION('',(-1.,0.,0.));
#2003=DIRECTION('',(1.,0.,0.));
#2004=DIRECTION('',(0.,-1.,0.));
#2005=DIRECTION('',(0.,1.,0.));
#2006=DIRECTION('center_axis',(0.,0.,-1.));
#2007=DIRECTION('ref_axis',(0.707106781186553,-0.707106781186542,0.));
#2008=DIRECTION('',(1.,1.65044130124169E-14,0.));
#2009=DIRECTION('center_axis',(0.,0.,-1.));
#2010=DIRECTION('ref_axis',(0.707106781186517,-0.707106781186578,0.));
#2011=DIRECTION('center_axis',(0.,0.,1.));
#2012=DIRECTION('ref_axis',(0.707106781186517,-0.707106781186578,0.));
#2013=DIRECTION('',(0.,0.,-1.));
#2014=DIRECTION('center_axis',(1.65044130124169E-14,-1.,0.));
#2015=DIRECTION('ref_axis',(1.,1.65044130124169E-14,0.));
#2016=DIRECTION('',(0.,0.,-1.));
#2017=DIRECTION('',(0.,0.,1.));
#2018=DIRECTION('center_axis',(-1.65044130124169E-14,1.,0.));
#2019=DIRECTION('ref_axis',(1.,2.368475785867E-14,0.));
#2020=DIRECTION('center_axis',(-1.65044130124169E-14,1.,0.));
#2021=DIRECTION('ref_axis',(1.,2.368475785867E-14,0.));
#2022=DIRECTION('center_axis',(0.,0.,1.));
#2023=DIRECTION('ref_axis',(0.707106781186553,-0.707106781186542,0.));
#2024=DIRECTION('',(0.,0.,1.));
#2025=DIRECTION('center_axis',(1.,0.,0.));
#2026=DIRECTION('ref_axis',(0.,1.,0.));
#2027=DIRECTION('center_axis',(0.,0.,1.));
#2028=DIRECTION('ref_axis',(-0.70710678118654,-0.707106781186555,0.));
#2029=DIRECTION('center_axis',(0.,-1.,0.));
#2030=DIRECTION('ref_axis',(-1.,0.,0.));
#2031=DIRECTION('',(0.,0.,1.));
#2032=DIRECTION('center_axis',(1.,0.,0.));
#2033=DIRECTION('ref_axis',(0.,1.,0.));
#2034=DIRECTION('',(0.,0.,1.));
#2035=DIRECTION('',(0.,1.,0.));
#2036=DIRECTION('',(0.,0.,1.));
#2037=DIRECTION('center_axis',(-1.8947806286936E-14,-1.,0.));
#2038=DIRECTION('ref_axis',(1.,-1.8947806286936E-14,0.));
#2039=DIRECTION('',(1.,-1.8947806286936E-14,0.));
#2040=DIRECTION('',(0.,0.,1.));
#2041=DIRECTION('center_axis',(-1.,0.,0.));
#2042=DIRECTION('ref_axis',(0.,-1.,0.));
#2043=DIRECTION('',(0.,-1.,0.));
#2044=DIRECTION('',(0.,0.,1.));
#2045=DIRECTION('center_axis',(-9.473903143468E-15,1.,0.));
#2046=DIRECTION('ref_axis',(-1.,-9.473903143468E-15,0.));
#2047=DIRECTION('',(-1.,-9.473903143468E-15,0.));
#2048=DIRECTION('center_axis',(0.,0.,1.));
#2049=DIRECTION('ref_axis',(1.,0.,0.));
#2050=DIRECTION('center_axis',(1.,0.,0.));
#2051=DIRECTION('ref_axis',(0.,1.,0.));
#2052=DIRECTION('',(0.,0.,1.));
#2053=DIRECTION('',(0.,1.,0.));
#2054=DIRECTION('',(0.,0.,1.));
#2055=DIRECTION('center_axis',(-5.92118946466745E-16,-1.,0.));
#2056=DIRECTION('ref_axis',(1.,-5.92118946466745E-16,0.));
#2057=DIRECTION('',(1.,-5.92118946466745E-16,0.));
#2058=DIRECTION('',(0.,0.,1.));
#2059=DIRECTION('center_axis',(-1.,9.47390314346801E-15,0.));
#2060=DIRECTION('ref_axis',(-9.47390314346801E-15,-1.,0.));
#2061=DIRECTION('',(-9.47390314346801E-15,-1.,0.));
#2062=DIRECTION('',(0.,0.,1.));
#2063=DIRECTION('center_axis',(-6.36527867451756E-15,1.,0.));
#2064=DIRECTION('ref_axis',(-1.,-6.36527867451756E-15,0.));
#2065=DIRECTION('',(-1.,-6.36527867451756E-15,0.));
#2066=DIRECTION('center_axis',(0.,0.,1.));
#2067=DIRECTION('ref_axis',(1.,0.,0.));
#2068=DIRECTION('center_axis',(1.,0.,0.));
#2069=DIRECTION('ref_axis',(0.,1.,0.));
#2070=DIRECTION('',(0.,0.,1.));
#2071=DIRECTION('',(0.,1.,0.));
#2072=DIRECTION('',(0.,0.,1.));
#2073=DIRECTION('center_axis',(-1.8947806286936E-14,-1.,0.));
#2074=DIRECTION('ref_axis',(1.,-1.8947806286936E-14,0.));
#2075=DIRECTION('',(1.,-1.8947806286936E-14,0.));
#2076=DIRECTION('',(0.,0.,1.));
#2077=DIRECTION('center_axis',(-1.,2.96059473233375E-16,0.));
#2078=DIRECTION('ref_axis',(-2.96059473233375E-16,-1.,0.));
#2079=DIRECTION('',(-2.96059473233375E-16,-1.,0.));
#2080=DIRECTION('',(0.,0.,1.));
#2081=DIRECTION('center_axis',(-9.47390314346801E-15,1.,0.));
#2082=DIRECTION('ref_axis',(-1.,-9.47390314346801E-15,0.));
#2083=DIRECTION('',(-1.,-9.47390314346801E-15,0.));
#2084=DIRECTION('center_axis',(0.,0.,1.));
#2085=DIRECTION('ref_axis',(1.,0.,0.));
#2086=DIRECTION('center_axis',(1.,0.,0.));
#2087=DIRECTION('ref_axis',(0.,1.,0.));
#2088=DIRECTION('',(0.,0.,1.));
#2089=DIRECTION('',(0.,1.,0.));
#2090=DIRECTION('',(0.,0.,1.));
#2091=DIRECTION('center_axis',(2.96059473233375E-16,-1.,0.));
#2092=DIRECTION('ref_axis',(1.,2.96059473233375E-16,0.));
#2093=DIRECTION('',(1.,2.96059473233375E-16,0.));
#2094=DIRECTION('',(0.,0.,1.));
#2095=DIRECTION('center_axis',(-1.,0.,0.));
#2096=DIRECTION('ref_axis',(0.,-1.,0.));
#2097=DIRECTION('',(0.,-1.,0.));
#2098=DIRECTION('',(0.,0.,1.));
#2099=DIRECTION('center_axis',(0.,1.,0.));
#2100=DIRECTION('ref_axis',(-1.,0.,0.));
#2101=DIRECTION('',(-1.,0.,0.));
#2102=DIRECTION('center_axis',(0.,0.,1.));
#2103=DIRECTION('ref_axis',(1.,0.,0.));
#2104=DIRECTION('center_axis',(-2.368475785867E-14,1.,0.));
#2105=DIRECTION('ref_axis',(1.,2.368475785867E-14,0.));
#2106=DIRECTION('',(-2.368475785867E-14,1.,0.));
#2107=DIRECTION('center_axis',(-2.34116077494398E-14,1.,0.));
#2108=DIRECTION('ref_axis',(1.,2.34116077494398E-14,0.));
#2109=DIRECTION('center_axis',(2.34116077494398E-14,-1.,0.));
#2110=DIRECTION('ref_axis',(1.,2.34116077494398E-14,0.));
#2111=DIRECTION('center_axis',(2.34116077494398E-14,-1.,0.));
#2112=DIRECTION('ref_axis',(1.,2.34704161585915E-14,0.));
#2113=DIRECTION('center_axis',(-2.368475785867E-14,1.,0.));
#2114=DIRECTION('ref_axis',(1.,2.368475785867E-14,0.));
#2115=DIRECTION('',(-2.368475785867E-14,1.,0.));
#2116=DIRECTION('center_axis',(-2.34116077494398E-14,1.,0.));
#2117=DIRECTION('ref_axis',(1.,2.34116077494398E-14,0.));
#2118=DIRECTION('center_axis',(2.34116077494398E-14,-1.,0.));
#2119=DIRECTION('ref_axis',(1.,2.34116077494398E-14,0.));
#2120=DIRECTION('center_axis',(2.34116077494398E-14,-1.,0.));
#2121=DIRECTION('ref_axis',(1.,2.34302270898268E-14,0.));
#2122=DIRECTION('center_axis',(0.,-1.,0.));
#2123=DIRECTION('ref_axis',(-1.,0.,0.));
#2124=DIRECTION('center_axis',(0.,-1.,0.));
#2125=DIRECTION('ref_axis',(-1.,0.,0.));
#2126=DIRECTION('',(0.,-1.,0.));
#2127=DIRECTION('center_axis',(0.,-1.,0.));
#2128=DIRECTION('ref_axis',(-1.,0.,0.));
#2129=DIRECTION('center_axis',(0.,1.,0.));
#2130=DIRECTION('ref_axis',(-1.,0.,0.));
#2131=DIRECTION('center_axis',(0.,1.,0.));
#2132=DIRECTION('ref_axis',(1.,2.34302270898268E-14,0.));
#2133=DIRECTION('center_axis',(0.,-1.,0.));
#2134=DIRECTION('ref_axis',(-1.,0.,0.));
#2135=DIRECTION('center_axis',(0.,-1.,0.));
#2136=DIRECTION('ref_axis',(-1.,0.,0.));
#2137=DIRECTION('',(0.,-1.,0.));
#2138=DIRECTION('center_axis',(0.,-1.,0.));
#2139=DIRECTION('ref_axis',(-1.,0.,0.));
#2140=DIRECTION('center_axis',(0.,1.,0.));
#2141=DIRECTION('ref_axis',(-1.,0.,0.));
#2142=DIRECTION('center_axis',(0.,1.,0.));
#2143=DIRECTION('ref_axis',(1.,2.34704161585915E-14,0.));
#2144=DIRECTION('center_axis',(-2.34302270898268E-14,1.,0.));
#2145=DIRECTION('ref_axis',(1.,2.34302270898268E-14,0.));
#2146=DIRECTION('',(-2.34302270898268E-14,1.,0.));
#2147=DIRECTION('center_axis',(-2.34302270898268E-14,1.,0.));
#2148=DIRECTION('ref_axis',(1.,2.34302270898268E-14,0.));
#2149=DIRECTION('center_axis',(0.,1.,0.));
#2150=DIRECTION('ref_axis',(1.,2.34302270898268E-14,0.));
#2151=DIRECTION('',(-2.34302270898268E-14,1.,0.));
#2152=DIRECTION('center_axis',(-2.34704161585915E-14,1.,0.));
#2153=DIRECTION('ref_axis',(1.,2.34704161585915E-14,0.));
#2154=DIRECTION('',(-2.34704161585915E-14,1.,0.));
#2155=DIRECTION('center_axis',(-2.34704161585915E-14,1.,0.));
#2156=DIRECTION('ref_axis',(1.,2.34704161585915E-14,0.));
#2157=DIRECTION('center_axis',(0.,1.,0.));
#2158=DIRECTION('ref_axis',(1.,2.34704161585915E-14,0.));
#2159=DIRECTION('',(-2.34704161585915E-14,1.,0.));
#2160=DIRECTION('center_axis',(-1.,0.,0.));
#2161=DIRECTION('ref_axis',(0.,-1.,0.));
#2162=DIRECTION('',(0.,0.,1.));
#2163=DIRECTION('',(0.,1.,0.));
#2164=DIRECTION('center_axis',(1.,-1.14980892202223E-34,0.));
#2165=DIRECTION('ref_axis',(1.14980892202223E-34,1.,0.));
#2166=DIRECTION('',(-1.14980892202223E-34,-1.,0.));
#2167=DIRECTION('',(0.,0.,1.));
#2168=DIRECTION('center_axis',(0.,-1.,0.));
#2169=DIRECTION('ref_axis',(1.,0.,0.));
#2170=DIRECTION('',(-1.,0.,0.));
#2171=DIRECTION('center_axis',(0.,1.,0.));
#2172=DIRECTION('ref_axis',(-1.,0.,0.));
#2173=DIRECTION('center_axis',(0.,0.,1.));
#2174=DIRECTION('ref_axis',(1.,0.,0.));
#2175=DIRECTION('center_axis',(0.,0.,-1.));
#2176=DIRECTION('ref_axis',(1.,0.,0.));
#2177=DIRECTION('',(0.,0.,-1.));
#2178=DIRECTION('center_axis',(0.,0.,1.));
#2179=DIRECTION('ref_axis',(1.,0.,0.));
#2180=DIRECTION('center_axis',(0.,0.,-1.));
#2181=DIRECTION('ref_axis',(1.,0.,0.));
#2182=DIRECTION('',(0.,0.,-1.));
#2183=DIRECTION('center_axis',(0.,0.,1.));
#2184=DIRECTION('ref_axis',(1.,0.,0.));
#2185=DIRECTION('center_axis',(0.,0.,-1.));
#2186=DIRECTION('ref_axis',(1.,0.,0.));
#2187=DIRECTION('',(0.,0.,-1.));
#2188=DIRECTION('center_axis',(0.,0.,1.));
#2189=DIRECTION('ref_axis',(1.,0.,0.));
#2190=DIRECTION('center_axis',(0.,0.,-1.));
#2191=DIRECTION('ref_axis',(1.,0.,0.));
#2192=DIRECTION('',(0.,0.,-1.));
#2193=DIRECTION('center_axis',(0.,0.,1.));
#2194=DIRECTION('ref_axis',(1.,0.,0.));
#2195=DIRECTION('center_axis',(0.,0.,-1.));
#2196=DIRECTION('ref_axis',(1.,0.,0.));
#2197=DIRECTION('',(0.,0.,-1.));
#2198=DIRECTION('center_axis',(0.,0.,1.));
#2199=DIRECTION('ref_axis',(1.,0.,0.));
#2200=DIRECTION('center_axis',(0.,0.,-1.));
#2201=DIRECTION('ref_axis',(1.,0.,0.));
#2202=DIRECTION('',(0.,0.,-1.));
#2203=DIRECTION('center_axis',(0.,0.,1.));
#2204=DIRECTION('ref_axis',(1.,0.,0.));
#2205=DIRECTION('center_axis',(0.,0.,-1.));
#2206=DIRECTION('ref_axis',(1.,0.,0.));
#2207=DIRECTION('',(0.,0.,-1.));
#2208=DIRECTION('center_axis',(0.,0.,1.));
#2209=DIRECTION('ref_axis',(1.,0.,0.));
#2210=DIRECTION('center_axis',(0.,0.,-1.));
#2211=DIRECTION('ref_axis',(1.,0.,0.));
#2212=DIRECTION('',(0.,0.,-1.));
#2213=DIRECTION('center_axis',(0.,0.,1.));
#2214=DIRECTION('ref_axis',(1.,0.,0.));
#2215=DIRECTION('center_axis',(0.,0.,-1.));
#2216=DIRECTION('ref_axis',(1.,0.,0.));
#2217=DIRECTION('',(0.,0.,-1.));
#2218=DIRECTION('center_axis',(0.,0.,1.));
#2219=DIRECTION('ref_axis',(1.,0.,0.));
#2220=CARTESIAN_POINT('',(0.,0.,0.));
#2221=CARTESIAN_POINT('Origin',(-5.25000000000012,176.,67.));
#2222=CARTESIAN_POINT('',(0.,178.,67.));
#2223=CARTESIAN_POINT('',(0.,176.,69.));
#2224=CARTESIAN_POINT('Origin',(0.,176.,67.));
#2225=CARTESIAN_POINT('',(-6.99999999999999,176.,69.));
#2226=CARTESIAN_POINT('',(-5.25000000000012,176.,69.));
#2227=CARTESIAN_POINT('',(-7.,178.,67.));
#2228=CARTESIAN_POINT('Origin',(-7.,176.,67.));
#2229=CARTESIAN_POINT('',(-5.25000000000012,178.,67.));
#2230=CARTESIAN_POINT('Origin',(-3.50000000000024,100.5,69.));
#2231=CARTESIAN_POINT('',(0.,25.0000000000001,69.));
#2232=CARTESIAN_POINT('',(0.,0.,69.));
#2233=CARTESIAN_POINT('',(-6.99999999999999,25.0000000000001,69.));
#2234=CARTESIAN_POINT('',(-1.75000000000012,25.0000000000001,69.));
#2235=CARTESIAN_POINT('',(-6.99999999999999,208.,69.));
#2236=CARTESIAN_POINT('Origin',(-1.75000000000012,25.0000000000001,67.));
#2237=CARTESIAN_POINT('',(-7.,23.0000000000001,67.));
#2238=CARTESIAN_POINT('Origin',(-7.,25.0000000000001,67.));
#2239=CARTESIAN_POINT('',(2.64456052065114E-33,23.0000000000001,67.));
#2240=CARTESIAN_POINT('Origin',(0.,25.0000000000001,67.));
#2241=CARTESIAN_POINT('',(-1.75000000000012,23.0000000000001,67.));
#2242=CARTESIAN_POINT('Origin',(-5.25000000000012,176.,16.));
#2243=CARTESIAN_POINT('',(-7.,178.,16.));
#2244=CARTESIAN_POINT('',(-7.,176.,14.));
#2245=CARTESIAN_POINT('Origin',(-7.,176.,16.));
#2246=CARTESIAN_POINT('',(1.44588471944295E-32,176.,14.));
#2247=CARTESIAN_POINT('',(-5.25000000000012,176.,14.));
#2248=CARTESIAN_POINT('',(0.,178.,16.));
#2249=CARTESIAN_POINT('Origin',(0.,176.,16.));
#2250=CARTESIAN_POINT('',(-5.25000000000012,178.,16.));
#2251=CARTESIAN_POINT('Origin',(-3.50000000000024,100.5,14.));
#2252=CARTESIAN_POINT('',(-7.,25.0000000000001,14.));
#2253=CARTESIAN_POINT('',(-7.,154.25,14.));
#2254=CARTESIAN_POINT('',(-2.90326752810613E-33,25.0000000000001,14.));
#2255=CARTESIAN_POINT('',(-1.75000000000012,25.0000000000001,14.));
#2256=CARTESIAN_POINT('',(0.,50.25,14.));
#2257=CARTESIAN_POINT('Origin',(-1.75000000000012,25.0000000000001,16.));
#2258=CARTESIAN_POINT('',(2.64456052065114E-33,23.0000000000001,16.));
#2259=CARTESIAN_POINT('Origin',(0.,25.0000000000001,16.));
#2260=CARTESIAN_POINT('',(-7.,23.0000000000001,16.));
#2261=CARTESIAN_POINT('Origin',(-7.,25.0000000000001,16.));
#2262=CARTESIAN_POINT('',(-1.75000000000012,23.0000000000001,16.));
#2263=CARTESIAN_POINT('Origin',(-6.99999999999999,178.,102.));
#2264=CARTESIAN_POINT('',(-7.,178.,51.));
#2265=CARTESIAN_POINT('',(0.,178.,51.));
#2266=CARTESIAN_POINT('Origin',(16.,180.,0.));
#2267=CARTESIAN_POINT('',(12.625,180.,3.));
#2268=CARTESIAN_POINT('Origin',(16.,180.,3.));
#2269=CARTESIAN_POINT('',(12.625,180.,0.));
#2270=CARTESIAN_POINT('',(12.625,180.,0.));
#2271=CARTESIAN_POINT('Origin',(16.,180.,0.));
#2272=CARTESIAN_POINT('Origin',(16.,180.,3.));
#2273=CARTESIAN_POINT('',(10.25,180.,3.));
#2274=CARTESIAN_POINT('Origin',(16.,180.,3.));
#2275=CARTESIAN_POINT('Origin',(116.,105.,0.));
#2276=CARTESIAN_POINT('',(112.625,105.,3.));
#2277=CARTESIAN_POINT('Origin',(116.,105.,3.));
#2278=CARTESIAN_POINT('',(112.625,105.,0.));
#2279=CARTESIAN_POINT('',(112.625,105.,0.));
#2280=CARTESIAN_POINT('Origin',(116.,105.,0.));
#2281=CARTESIAN_POINT('Origin',(116.,105.,3.));
#2282=CARTESIAN_POINT('',(110.25,105.,3.));
#2283=CARTESIAN_POINT('Origin',(116.,105.,3.));
#2284=CARTESIAN_POINT('Origin',(216.,30.,0.));
#2285=CARTESIAN_POINT('',(212.625,30.,3.));
#2286=CARTESIAN_POINT('Origin',(216.,30.,3.));
#2287=CARTESIAN_POINT('',(212.625,30.,0.));
#2288=CARTESIAN_POINT('',(212.625,30.,0.));
#2289=CARTESIAN_POINT('Origin',(216.,30.,0.));
#2290=CARTESIAN_POINT('Origin',(216.,30.,3.));
#2291=CARTESIAN_POINT('',(210.25,30.,3.));
#2292=CARTESIAN_POINT('Origin',(216.,30.,3.));
#2293=CARTESIAN_POINT('Origin',(16.,105.,0.));
#2294=CARTESIAN_POINT('',(12.625,105.,3.));
#2295=CARTESIAN_POINT('Origin',(16.,105.,3.));
#2296=CARTESIAN_POINT('',(12.625,105.,0.));
#2297=CARTESIAN_POINT('',(12.625,105.,0.));
#2298=CARTESIAN_POINT('Origin',(16.,105.,0.));
#2299=CARTESIAN_POINT('Origin',(16.,105.,3.));
#2300=CARTESIAN_POINT('',(10.25,105.,3.));
#2301=CARTESIAN_POINT('Origin',(16.,105.,3.));
#2302=CARTESIAN_POINT('Origin',(116.,180.,0.));
#2303=CARTESIAN_POINT('',(112.625,180.,3.));
#2304=CARTESIAN_POINT('Origin',(116.,180.,3.));
#2305=CARTESIAN_POINT('',(112.625,180.,0.));
#2306=CARTESIAN_POINT('',(112.625,180.,0.));
#2307=CARTESIAN_POINT('Origin',(116.,180.,0.));
#2308=CARTESIAN_POINT('Origin',(116.,180.,3.));
#2309=CARTESIAN_POINT('',(110.25,180.,3.));
#2310=CARTESIAN_POINT('Origin',(116.,180.,3.));
#2311=CARTESIAN_POINT('Origin',(216.,105.,0.));
#2312=CARTESIAN_POINT('',(212.625,105.,3.));
#2313=CARTESIAN_POINT('Origin',(216.,105.,3.));
#2314=CARTESIAN_POINT('',(212.625,105.,0.));
#2315=CARTESIAN_POINT('',(212.625,105.,0.));
#2316=CARTESIAN_POINT('Origin',(216.,105.,0.));
#2317=CARTESIAN_POINT('Origin',(216.,105.,3.));
#2318=CARTESIAN_POINT('',(210.25,105.,3.));
#2319=CARTESIAN_POINT('Origin',(216.,105.,3.));
#2320=CARTESIAN_POINT('Origin',(116.,30.,0.));
#2321=CARTESIAN_POINT('',(112.625,30.,3.));
#2322=CARTESIAN_POINT('Origin',(116.,30.,3.));
#2323=CARTESIAN_POINT('',(112.625,30.,0.));
#2324=CARTESIAN_POINT('',(112.625,30.,0.));
#2325=CARTESIAN_POINT('Origin',(116.,30.,0.));
#2326=CARTESIAN_POINT('Origin',(116.,30.,3.));
#2327=CARTESIAN_POINT('',(110.25,30.,3.));
#2328=CARTESIAN_POINT('Origin',(116.,30.,3.));
#2329=CARTESIAN_POINT('Origin',(16.,30.,0.));
#2330=CARTESIAN_POINT('',(12.625,30.,3.));
#2331=CARTESIAN_POINT('Origin',(16.,30.,3.));
#2332=CARTESIAN_POINT('',(12.625,30.,0.));
#2333=CARTESIAN_POINT('',(12.625,30.,0.));
#2334=CARTESIAN_POINT('Origin',(16.,30.,0.));
#2335=CARTESIAN_POINT('Origin',(16.,30.,3.));
#2336=CARTESIAN_POINT('',(10.25,30.,3.));
#2337=CARTESIAN_POINT('Origin',(16.,30.,3.));
#2338=CARTESIAN_POINT('Origin',(216.,180.,0.));
#2339=CARTESIAN_POINT('',(212.625,180.,3.));
#2340=CARTESIAN_POINT('Origin',(216.,180.,3.));
#2341=CARTESIAN_POINT('',(212.625,180.,0.));
#2342=CARTESIAN_POINT('',(212.625,180.,0.));
#2343=CARTESIAN_POINT('Origin',(216.,180.,0.));
#2344=CARTESIAN_POINT('Origin',(216.,180.,3.));
#2345=CARTESIAN_POINT('',(210.25,180.,3.));
#2346=CARTESIAN_POINT('Origin',(216.,180.,3.));
#2347=CARTESIAN_POINT('Origin',(-5.,206.,0.));
#2348=CARTESIAN_POINT('',(-7.,206.,102.));
#2349=CARTESIAN_POINT('',(-5.,208.,102.));
#2350=CARTESIAN_POINT('Origin',(-5.,206.,102.));
#2351=CARTESIAN_POINT('',(-5.,208.,0.));
#2352=CARTESIAN_POINT('',(-5.,208.,0.));
#2353=CARTESIAN_POINT('',(-7.,206.,0.));
#2354=CARTESIAN_POINT('Origin',(-5.,206.,0.));
#2355=CARTESIAN_POINT('',(-7.,206.,0.));
#2356=CARTESIAN_POINT('Origin',(-7.,208.,0.));
#2357=CARTESIAN_POINT('',(-7.,-4.99999999999989,102.));
#2358=CARTESIAN_POINT('',(-7.,-6.99999999999993,102.));
#2359=CARTESIAN_POINT('',(-7.,-4.99999999999989,0.));
#2360=CARTESIAN_POINT('',(-7.,-6.99999999999993,0.));
#2361=CARTESIAN_POINT('',(-7.,-4.99999999999989,0.));
#2362=CARTESIAN_POINT('',(-7.,23.0000000000001,51.));
#2363=CARTESIAN_POINT('Origin',(116.,100.5,0.));
#2364=CARTESIAN_POINT('',(237.,208.,0.));
#2365=CARTESIAN_POINT('',(-7.,208.,0.));
#2366=CARTESIAN_POINT('',(239.,206.,0.));
#2367=CARTESIAN_POINT('Origin',(237.,206.,0.));
#2368=CARTESIAN_POINT('',(238.999999999978,-4.99999999999609,0.));
#2369=CARTESIAN_POINT('',(239.,208.,0.));
#2370=CARTESIAN_POINT('',(236.999999999978,-6.99999999999591,0.));
#2371=CARTESIAN_POINT('Origin',(236.999999999978,-4.9999999999959,0.));
#2372=CARTESIAN_POINT('',(-4.99999999999996,-6.9999999999999,0.));
#2373=CARTESIAN_POINT('',(238.999999999978,-6.99999999999587,0.));
#2374=CARTESIAN_POINT('Origin',(-5.,-4.99999999999989,0.));
#2375=CARTESIAN_POINT('Origin',(230.,-2.,0.));
#2376=CARTESIAN_POINT('',(230.,1.33652897002735E-31,102.));
#2377=CARTESIAN_POINT('',(232.,-2.,102.));
#2378=CARTESIAN_POINT('Origin',(230.,-2.,102.));
#2379=CARTESIAN_POINT('',(232.,-2.,11.));
#2380=CARTESIAN_POINT('',(232.,-2.,0.));
#2381=CARTESIAN_POINT('',(230.,0.,11.));
#2382=CARTESIAN_POINT('Origin',(230.,-2.,11.));
#2383=CARTESIAN_POINT('',(230.,0.,0.));
#2384=CARTESIAN_POINT('Origin',(232.,1.34815096107107E-31,0.));
#2385=CARTESIAN_POINT('',(232.,1.34815096107107E-31,11.));
#2386=CARTESIAN_POINT('',(233.75,0.,11.));
#2387=CARTESIAN_POINT('',(232.,0.,7.));
#2388=CARTESIAN_POINT('',(232.,0.,0.));
#2389=CARTESIAN_POINT('',(0.,0.,7.));
#2390=CARTESIAN_POINT('',(174.,0.,7.));
#2391=CARTESIAN_POINT('',(0.,0.,102.));
#2392=CARTESIAN_POINT('',(0.,0.,0.));
#2393=CARTESIAN_POINT('',(0.,0.,102.));
#2394=CARTESIAN_POINT('',(195.75,-8.51058791062319E-13,64.5));
#2395=CARTESIAN_POINT('Origin',(198.,-7.98250354705488E-13,64.5));
#2396=CARTESIAN_POINT('',(45.75,-4.36371401557159E-12,64.5));
#2397=CARTESIAN_POINT('Origin',(48.,-4.31099600461948E-12,64.5));
#2398=CARTESIAN_POINT('Origin',(230.,203.,0.));
#2399=CARTESIAN_POINT('',(232.,203.,102.));
#2400=CARTESIAN_POINT('',(230.,201.,102.));
#2401=CARTESIAN_POINT('Origin',(230.,203.,102.));
#2402=CARTESIAN_POINT('',(230.,201.,11.));
#2403=CARTESIAN_POINT('',(230.,201.,0.));
#2404=CARTESIAN_POINT('',(232.,203.,11.));
#2405=CARTESIAN_POINT('Origin',(230.,203.,11.));
#2406=CARTESIAN_POINT('',(232.,203.,0.));
#2407=CARTESIAN_POINT('Origin',(112.5,100.5,102.));
#2408=CARTESIAN_POINT('',(-4.99999999999996,-6.9999999999999,102.));
#2409=CARTESIAN_POINT('Origin',(-5.,-4.99999999999989,102.));
#2410=CARTESIAN_POINT('',(230.,-6.99999999999602,102.));
#2411=CARTESIAN_POINT('',(238.999999999978,-6.99999999999587,102.));
#2412=CARTESIAN_POINT('',(232.,-4.99999999999602,102.));
#2413=CARTESIAN_POINT('Origin',(230.,-4.99999999999602,102.));
#2414=CARTESIAN_POINT('',(232.,-7.,102.));
#2415=CARTESIAN_POINT('',(0.,201.,102.));
#2416=CARTESIAN_POINT('',(2.31111593326468E-32,201.,102.));
#2417=CARTESIAN_POINT('',(232.,201.,102.));
#2418=CARTESIAN_POINT('',(232.,206.,102.));
#2419=CARTESIAN_POINT('',(232.,201.,102.));
#2420=CARTESIAN_POINT('',(230.,208.,102.));
#2421=CARTESIAN_POINT('Origin',(230.,206.,102.));
#2422=CARTESIAN_POINT('',(-7.,208.,102.));
#2423=CARTESIAN_POINT('',(-1.6249999999996,-1.62499999999972,102.));
#2424=CARTESIAN_POINT('',(-1.6249999999996,-5.37499999999972,102.));
#2425=CARTESIAN_POINT('',(-1.62499999999961,47.5625000000001,102.));
#2426=CARTESIAN_POINT('',(-5.3749999999996,-5.37499999999972,102.));
#2427=CARTESIAN_POINT('',(53.5625000000002,-5.37499999999971,102.));
#2428=CARTESIAN_POINT('',(-5.3749999999996,-1.62499999999972,102.));
#2429=CARTESIAN_POINT('',(-5.37499999999961,49.4375000000001,102.));
#2430=CARTESIAN_POINT('',(55.4375000000002,-1.62499999999973,102.));
#2431=CARTESIAN_POINT('',(226.875,-1.62499999999593,102.));
#2432=CARTESIAN_POINT('',(226.875,-5.37499999999596,102.));
#2433=CARTESIAN_POINT('',(226.875,47.562500000002,102.));
#2434=CARTESIAN_POINT('',(223.125,-5.37499999999596,102.));
#2435=CARTESIAN_POINT('',(167.8125,-5.37499999999593,102.));
#2436=CARTESIAN_POINT('',(223.125,-1.62499999999596,102.));
#2437=CARTESIAN_POINT('',(223.125000000001,49.4375000000015,102.));
#2438=CARTESIAN_POINT('',(169.6875,-1.62499999999629,102.));
#2439=CARTESIAN_POINT('',(-1.62499999999994,206.375,102.));
#2440=CARTESIAN_POINT('',(-1.62499999999994,202.625,102.));
#2441=CARTESIAN_POINT('',(-1.62499999999994,151.5625,102.));
#2442=CARTESIAN_POINT('',(-5.37499999999994,202.625,102.));
#2443=CARTESIAN_POINT('',(53.562500000001,202.624999999999,102.));
#2444=CARTESIAN_POINT('',(-5.37499999999994,206.375,102.));
#2445=CARTESIAN_POINT('',(-5.37499999999996,153.4375,102.));
#2446=CARTESIAN_POINT('',(55.4374999999995,206.375000000001,102.));
#2447=CARTESIAN_POINT('',(226.875,206.375,102.));
#2448=CARTESIAN_POINT('',(226.875,202.625,102.));
#2449=CARTESIAN_POINT('',(226.875,151.5625,102.));
#2450=CARTESIAN_POINT('',(223.125,202.625,102.));
#2451=CARTESIAN_POINT('',(167.812500000001,202.625000000001,102.));
#2452=CARTESIAN_POINT('',(223.125,206.375,102.));
#2453=CARTESIAN_POINT('',(223.125,153.4375,102.));
#2454=CARTESIAN_POINT('',(169.687499999999,206.374999999999,102.));
#2455=CARTESIAN_POINT('Origin',(232.,201.,0.));
#2456=CARTESIAN_POINT('',(232.,206.,11.));
#2457=CARTESIAN_POINT('',(232.,150.75,11.));
#2458=CARTESIAN_POINT('',(232.,206.,0.));
#2459=CARTESIAN_POINT('Origin',(230.,206.,0.));
#2460=CARTESIAN_POINT('',(230.,208.,11.));
#2461=CARTESIAN_POINT('Origin',(230.,206.,11.));
#2462=CARTESIAN_POINT('',(230.,208.,0.));
#2463=CARTESIAN_POINT('Origin',(237.,206.,0.));
#2464=CARTESIAN_POINT('',(237.,208.,11.));
#2465=CARTESIAN_POINT('',(239.,206.,11.));
#2466=CARTESIAN_POINT('Origin',(237.,206.,11.));
#2467=CARTESIAN_POINT('',(239.,206.,0.));
#2468=CARTESIAN_POINT('',(237.,208.,0.));
#2469=CARTESIAN_POINT('Origin',(238.999999999978,-6.99999999999587,0.));
#2470=CARTESIAN_POINT('',(238.999999999978,-4.99999999999609,11.));
#2471=CARTESIAN_POINT('',(239.,208.,11.));
#2472=CARTESIAN_POINT('',(238.999999999978,-4.99999999999611,0.));
#2473=CARTESIAN_POINT('Origin',(235.5,100.5,11.));
#2474=CARTESIAN_POINT('',(-7.,208.,11.));
#2475=CARTESIAN_POINT('',(232.,201.,11.));
#2476=CARTESIAN_POINT('',(117.75,201.,11.));
#2477=CARTESIAN_POINT('',(232.,1.34815096107107E-31,11.));
#2478=CARTESIAN_POINT('',(232.,-4.99999999999602,11.));
#2479=CARTESIAN_POINT('',(232.,46.750000000002,11.));
#2480=CARTESIAN_POINT('',(230.,-6.99999999999602,11.));
#2481=CARTESIAN_POINT('Origin',(230.,-4.99999999999602,11.));
#2482=CARTESIAN_POINT('',(236.999999999978,-6.99999999999591,11.));
#2483=CARTESIAN_POINT('',(238.999999999978,-6.99999999999587,11.));
#2484=CARTESIAN_POINT('Origin',(236.999999999978,-4.9999999999959,11.));
#2485=CARTESIAN_POINT('Origin',(236.999999999978,-4.9999999999959,0.));
#2486=CARTESIAN_POINT('',(236.999999999978,-6.99999999999591,0.));
#2487=CARTESIAN_POINT('Origin',(-6.99999999999999,-6.99999999999993,0.));
#2488=CARTESIAN_POINT('',(230.,-6.99999999999602,0.));
#2489=CARTESIAN_POINT('',(-4.99999999999997,-6.9999999999999,0.));
#2490=CARTESIAN_POINT('',(194.,-6.99999999999527,64.5));
#2491=CARTESIAN_POINT('Origin',(198.,-6.99999999999508,64.5));
#2492=CARTESIAN_POINT('',(44.0000000000002,-6.99999999999878,64.5));
#2493=CARTESIAN_POINT('Origin',(48.0000000000002,-6.99999999999863,64.5));
#2494=CARTESIAN_POINT('Origin',(230.,-4.99999999999602,0.));
#2495=CARTESIAN_POINT('',(232.,-4.99999999999602,0.));
#2496=CARTESIAN_POINT('Origin',(232.,-6.99999999999599,0.));
#2497=CARTESIAN_POINT('Origin',(-5.,-4.99999999999989,0.));
#2498=CARTESIAN_POINT('Origin',(0.,23.0000000000001,102.));
#2499=CARTESIAN_POINT('',(2.64456052065114E-33,23.0000000000001,51.));
#2500=CARTESIAN_POINT('Origin',(226.875,202.625,102.));
#2501=CARTESIAN_POINT('',(226.875,206.375,105.));
#2502=CARTESIAN_POINT('',(226.875,206.375,102.));
#2503=CARTESIAN_POINT('',(226.875,202.625,105.));
#2504=CARTESIAN_POINT('',(226.875,206.375,105.));
#2505=CARTESIAN_POINT('',(226.875,202.625,102.));
#2506=CARTESIAN_POINT('Origin',(223.125,202.625,102.));
#2507=CARTESIAN_POINT('',(223.125,202.625,105.));
#2508=CARTESIAN_POINT('',(226.875,202.625,105.));
#2509=CARTESIAN_POINT('',(223.125,202.625,102.));
#2510=CARTESIAN_POINT('Origin',(223.125,206.375,102.));
#2511=CARTESIAN_POINT('',(223.125,206.375,105.));
#2512=CARTESIAN_POINT('',(223.125,202.625,105.));
#2513=CARTESIAN_POINT('',(223.125,206.375,102.));
#2514=CARTESIAN_POINT('Origin',(226.875,206.375,102.));
#2515=CARTESIAN_POINT('',(223.125,206.375,105.));
#2516=CARTESIAN_POINT('Origin',(225.,204.5,105.));
#2517=CARTESIAN_POINT('Origin',(226.875,-5.37499999999596,102.));
#2518=CARTESIAN_POINT('',(226.875,-1.62499999999593,105.));
#2519=CARTESIAN_POINT('',(226.875,-1.62499999999593,102.));
#2520=CARTESIAN_POINT('',(226.875,-5.37499999999596,105.));
#2521=CARTESIAN_POINT('',(226.875,-1.62499999999593,105.));
#2522=CARTESIAN_POINT('',(226.875,-5.37499999999596,102.));
#2523=CARTESIAN_POINT('Origin',(223.125,-5.37499999999596,102.));
#2524=CARTESIAN_POINT('',(223.125,-5.37499999999596,105.));
#2525=CARTESIAN_POINT('',(226.875,-5.37499999999596,105.));
#2526=CARTESIAN_POINT('',(223.125,-5.37499999999596,102.));
#2527=CARTESIAN_POINT('Origin',(223.125,-1.62499999999596,102.));
#2528=CARTESIAN_POINT('',(223.125,-1.62499999999596,105.));
#2529=CARTESIAN_POINT('',(223.125,-5.37499999999596,105.));
#2530=CARTESIAN_POINT('',(223.125,-1.62499999999596,102.));
#2531=CARTESIAN_POINT('Origin',(226.875,-1.62499999999593,102.));
#2532=CARTESIAN_POINT('',(223.125,-1.62499999999596,105.));
#2533=CARTESIAN_POINT('Origin',(225.,-3.49999999999595,105.));
#2534=CARTESIAN_POINT('Origin',(-1.62499999999994,202.625,102.));
#2535=CARTESIAN_POINT('',(-1.62499999999994,206.375,105.));
#2536=CARTESIAN_POINT('',(-1.62499999999994,206.375,102.));
#2537=CARTESIAN_POINT('',(-1.62499999999994,202.625,105.));
#2538=CARTESIAN_POINT('',(-1.62499999999994,206.375,105.));
#2539=CARTESIAN_POINT('',(-1.62499999999994,202.625,102.));
#2540=CARTESIAN_POINT('Origin',(-5.37499999999994,202.625,102.));
#2541=CARTESIAN_POINT('',(-5.37499999999994,202.625,105.));
#2542=CARTESIAN_POINT('',(-1.62499999999994,202.625,105.));
#2543=CARTESIAN_POINT('',(-5.37499999999994,202.625,102.));
#2544=CARTESIAN_POINT('Origin',(-5.37499999999994,206.375,102.));
#2545=CARTESIAN_POINT('',(-5.37499999999994,206.375,105.));
#2546=CARTESIAN_POINT('',(-5.37499999999994,202.625,105.));
#2547=CARTESIAN_POINT('',(-5.37499999999994,206.375,102.));
#2548=CARTESIAN_POINT('Origin',(-1.62499999999994,206.375,102.));
#2549=CARTESIAN_POINT('',(-5.37499999999994,206.375,105.));
#2550=CARTESIAN_POINT('Origin',(-3.49999999999994,204.5,105.));
#2551=CARTESIAN_POINT('Origin',(-1.6249999999996,-5.37499999999972,102.));
#2552=CARTESIAN_POINT('',(-1.6249999999996,-1.62499999999972,105.));
#2553=CARTESIAN_POINT('',(-1.6249999999996,-1.62499999999972,102.));
#2554=CARTESIAN_POINT('',(-1.6249999999996,-5.37499999999972,105.));
#2555=CARTESIAN_POINT('',(-1.6249999999996,-1.62499999999972,105.));
#2556=CARTESIAN_POINT('',(-1.6249999999996,-5.37499999999972,102.));
#2557=CARTESIAN_POINT('Origin',(-5.3749999999996,-5.37499999999972,102.));
#2558=CARTESIAN_POINT('',(-5.3749999999996,-5.37499999999972,105.));
#2559=CARTESIAN_POINT('',(-1.6249999999996,-5.37499999999972,105.));
#2560=CARTESIAN_POINT('',(-5.3749999999996,-5.37499999999972,102.));
#2561=CARTESIAN_POINT('Origin',(-5.3749999999996,-1.62499999999972,102.));
#2562=CARTESIAN_POINT('',(-5.3749999999996,-1.62499999999972,105.));
#2563=CARTESIAN_POINT('',(-5.3749999999996,-5.37499999999972,105.));
#2564=CARTESIAN_POINT('',(-5.3749999999996,-1.62499999999972,102.));
#2565=CARTESIAN_POINT('Origin',(-1.6249999999996,-1.62499999999972,102.));
#2566=CARTESIAN_POINT('',(-5.3749999999996,-1.62499999999972,105.));
#2567=CARTESIAN_POINT('Origin',(-3.4999999999996,-3.49999999999972,105.));
#2568=CARTESIAN_POINT('Origin',(198.,-6.99999999999518,64.5));
#2569=CARTESIAN_POINT('',(194.,-3.99999999999527,64.5));
#2570=CARTESIAN_POINT('',(194.,-6.99999999999527,64.5));
#2571=CARTESIAN_POINT('Origin',(198.,-3.99999999999518,64.5));
#2572=CARTESIAN_POINT('Origin',(198.,-3.99999999999518,64.5));
#2573=CARTESIAN_POINT('',(195.75,-3.99999999999523,64.5));
#2574=CARTESIAN_POINT('Origin',(198.,-3.99999999999518,64.5));
#2575=CARTESIAN_POINT('Origin',(48.0000000000002,-6.99999999999869,64.5));
#2576=CARTESIAN_POINT('',(44.0000000000001,-3.99999999999878,64.5));
#2577=CARTESIAN_POINT('',(44.0000000000002,-6.99999999999879,64.5));
#2578=CARTESIAN_POINT('Origin',(48.0000000000001,-3.99999999999869,64.5));
#2579=CARTESIAN_POINT('Origin',(48.0000000000001,-3.99999999999869,64.5));
#2580=CARTESIAN_POINT('',(45.7500000000001,-3.99999999999874,64.5));
#2581=CARTESIAN_POINT('Origin',(48.0000000000001,-3.99999999999869,64.5));
#2582=CARTESIAN_POINT('Origin',(48.,208.,64.5));
#2583=CARTESIAN_POINT('',(52.,208.,64.5));
#2584=CARTESIAN_POINT('Origin',(48.,208.,64.5));
#2585=CARTESIAN_POINT('',(52.,205.,64.5));
#2586=CARTESIAN_POINT('',(52.,208.,64.5));
#2587=CARTESIAN_POINT('Origin',(48.,205.,64.5));
#2588=CARTESIAN_POINT('Origin',(48.,205.,64.5));
#2589=CARTESIAN_POINT('',(45.7499999999952,205.,64.5));
#2590=CARTESIAN_POINT('Origin',(47.9999999999952,205.,64.5));
#2591=CARTESIAN_POINT('Origin',(198.,208.,64.5));
#2592=CARTESIAN_POINT('',(202.,208.,64.5));
#2593=CARTESIAN_POINT('Origin',(198.,208.,64.5));
#2594=CARTESIAN_POINT('',(202.,205.,64.5));
#2595=CARTESIAN_POINT('',(202.,208.,64.5));
#2596=CARTESIAN_POINT('Origin',(198.,205.,64.5));
#2597=CARTESIAN_POINT('Origin',(198.,205.,64.5));
#2598=CARTESIAN_POINT('',(195.749999999995,205.,64.5));
#2599=CARTESIAN_POINT('Origin',(197.999999999995,205.,64.5));
#2600=CARTESIAN_POINT('Origin',(48.0000000000002,-6.99999999999869,64.5));
#2601=CARTESIAN_POINT('',(45.7500000000002,-6.99999999999874,64.5));
#2602=CARTESIAN_POINT('Origin',(48.0000000000002,-6.99999999999869,64.5));
#2603=CARTESIAN_POINT('',(45.7499999999953,201.000000000001,64.5));
#2604=CARTESIAN_POINT('Origin',(47.9999999999953,201.000000000001,64.5));
#2605=CARTESIAN_POINT('',(45.7500000000002,-6.99999999999874,64.5));
#2606=CARTESIAN_POINT('Origin',(198.,-6.99999999999518,64.5));
#2607=CARTESIAN_POINT('',(195.75,-6.99999999999523,64.5));
#2608=CARTESIAN_POINT('Origin',(198.,-6.99999999999518,64.5));
#2609=CARTESIAN_POINT('',(195.749999999995,201.000000000005,64.5));
#2610=CARTESIAN_POINT('Origin',(197.999999999995,201.000000000005,64.5));
#2611=CARTESIAN_POINT('',(195.75,-6.99999999999523,64.5));
#2612=CARTESIAN_POINT('Origin',(232.,208.,0.));
#2613=CARTESIAN_POINT('',(232.,201.,7.));
#2614=CARTESIAN_POINT('',(232.,201.,0.));
#2615=CARTESIAN_POINT('',(232.,154.25,7.));
#2616=CARTESIAN_POINT('Origin',(0.,0.,0.));
#2617=CARTESIAN_POINT('',(2.31111593326468E-32,201.,7.));
#2618=CARTESIAN_POINT('',(0.,50.25,7.));
#2619=CARTESIAN_POINT('',(2.31111593326468E-32,201.,0.));
#2620=CARTESIAN_POINT('Origin',(0.,201.,0.));
#2621=CARTESIAN_POINT('',(57.9999999999999,201.,7.));
#2622=CARTESIAN_POINT('Origin',(239.,208.,0.));
#2623=CARTESIAN_POINT('Origin',(116.,30.,0.));
#2624=CARTESIAN_POINT('',(110.25,30.,7.));
#2625=CARTESIAN_POINT('Origin',(116.,30.,7.));
#2626=CARTESIAN_POINT('',(110.25,30.,0.));
#2627=CARTESIAN_POINT('Origin',(16.,30.,0.));
#2628=CARTESIAN_POINT('',(10.25,30.,7.));
#2629=CARTESIAN_POINT('Origin',(16.,30.,7.));
#2630=CARTESIAN_POINT('',(10.25,30.,0.));
#2631=CARTESIAN_POINT('Origin',(216.,30.,0.));
#2632=CARTESIAN_POINT('',(210.25,30.,7.));
#2633=CARTESIAN_POINT('Origin',(216.,30.,7.));
#2634=CARTESIAN_POINT('',(210.25,30.,0.));
#2635=CARTESIAN_POINT('Origin',(16.,105.,0.));
#2636=CARTESIAN_POINT('',(10.25,105.,7.));
#2637=CARTESIAN_POINT('Origin',(16.,105.,7.));
#2638=CARTESIAN_POINT('',(10.25,105.,0.));
#2639=CARTESIAN_POINT('Origin',(116.,105.,0.));
#2640=CARTESIAN_POINT('',(110.25,105.,7.));
#2641=CARTESIAN_POINT('Origin',(116.,105.,7.));
#2642=CARTESIAN_POINT('',(110.25,105.,0.));
#2643=CARTESIAN_POINT('Origin',(116.,180.,0.));
#2644=CARTESIAN_POINT('',(110.25,180.,7.));
#2645=CARTESIAN_POINT('Origin',(116.,180.,7.));
#2646=CARTESIAN_POINT('',(110.25,180.,0.));
#2647=CARTESIAN_POINT('Origin',(216.,105.,0.));
#2648=CARTESIAN_POINT('',(210.25,105.,7.));
#2649=CARTESIAN_POINT('Origin',(216.,105.,7.));
#2650=CARTESIAN_POINT('',(210.25,105.,0.));
#2651=CARTESIAN_POINT('Origin',(216.,180.,0.));
#2652=CARTESIAN_POINT('',(210.25,180.,7.));
#2653=CARTESIAN_POINT('Origin',(216.,180.,7.));
#2654=CARTESIAN_POINT('',(210.25,180.,0.));
#2655=CARTESIAN_POINT('Origin',(16.,180.,0.));
#2656=CARTESIAN_POINT('',(10.25,180.,7.));
#2657=CARTESIAN_POINT('Origin',(16.,180.,7.));
#2658=CARTESIAN_POINT('',(10.25,180.,0.));
#2659=CARTESIAN_POINT('Origin',(116.,100.5,7.));
#2660=UNCERTAINTY_MEASURE_WITH_UNIT(LENGTH_MEASURE(0.01),#2664,
'DISTANCE_ACCURACY_VALUE',
'Maximum model space distance between geometric entities at asserted c
onnectivities');
#2661=UNCERTAINTY_MEASURE_WITH_UNIT(LENGTH_MEASURE(0.01),#2664,
'DISTANCE_ACCURACY_VALUE',
'Maximum model space distance between geometric entities at asserted c
onnectivities');
#2662=(
GEOMETRIC_REPRESENTATION_CONTEXT(3)
GLOBAL_UNCERTAINTY_ASSIGNED_CONTEXT((#2660))
GLOBAL_UNIT_ASSIGNED_CONTEXT((#2664,#2666,#2667))
REPRESENTATION_CONTEXT('','3D')
);
#2663=(
GEOMETRIC_REPRESENTATION_CONTEXT(3)
GLOBAL_UNCERTAINTY_ASSIGNED_CONTEXT((#2661))
GLOBAL_UNIT_ASSIGNED_CONTEXT((#2664,#2666,#2667))
REPRESENTATION_CONTEXT('','3D')
);
#2664=(
LENGTH_UNIT()
NAMED_UNIT(*)
SI_UNIT(.MILLI.,.METRE.)
);
#2665=(
LENGTH_UNIT()
NAMED_UNIT(*)
SI_UNIT($,.METRE.)
);
#2666=(
NAMED_UNIT(*)
PLANE_ANGLE_UNIT()
SI_UNIT($,.RADIAN.)
);
#2667=(
NAMED_UNIT(*)
SI_UNIT($,.STERADIAN.)
SOLID_ANGLE_UNIT()
);
#2668=SHAPE_DEFINITION_REPRESENTATION(#2669,#2670);
#2669=PRODUCT_DEFINITION_SHAPE('',$,#2672);
#2670=SHAPE_REPRESENTATION('',(#1588),#2662);
#2671=PRODUCT_DEFINITION_CONTEXT('part definition',#2676,'design');
#2672=PRODUCT_DEFINITION('base','uv outer base v4',#2673,#2671);
#2673=PRODUCT_DEFINITION_FORMATION('',$,#2678);
#2674=PRODUCT_RELATED_PRODUCT_CATEGORY('uv outer base v4',
'uv outer base v4',(#2678));
#2675=APPLICATION_PROTOCOL_DEFINITION('international standard',
'automotive_design',2009,#2676);
#2676=APPLICATION_CONTEXT(
'Core Data for Automotive Mechanical Design Process');
#2677=PRODUCT_CONTEXT('part definition',#2676,'mechanical');
#2678=PRODUCT('base','uv outer base v4',$,(#2677));
#2679=PRESENTATION_STYLE_ASSIGNMENT((#2681));
#2680=PRESENTATION_STYLE_ASSIGNMENT((#2682));
#2681=SURFACE_STYLE_USAGE(.BOTH.,#2683);
#2682=SURFACE_STYLE_USAGE(.BOTH.,#2684);
#2683=SURFACE_SIDE_STYLE('',(#2685));
#2684=SURFACE_SIDE_STYLE('',(#2686));
#2685=SURFACE_STYLE_FILL_AREA(#2687);
#2686=SURFACE_STYLE_FILL_AREA(#2688);
#2687=FILL_AREA_STYLE('Steel - Satin',(#2689));
#2688=FILL_AREA_STYLE('Paint - Enamel Glossy (Red)',(#2690));
#2689=FILL_AREA_STYLE_COLOUR('Steel - Satin',#2691);
#2690=FILL_AREA_STYLE_COLOUR('Paint - Enamel Glossy (Red)',#2692);
#2691=COLOUR_RGB('Steel - Satin',0.627450980392157,0.627450980392157,0.627450980392157);
#2692=COLOUR_RGB('Paint - Enamel Glossy (Red)',0.768627450980392,0.207843137254902,
0.152941176470588);
ENDSEC;
END-ISO-10303-21;
